Year,Country,alpha_3,Region,Latitude,Longitude,Jahresniederschlag
1931,Switzerland,CHE,Basel-Binningen,47.53796,7.571110000000001,816.0
1932,Switzerland,CHE,Basel-Binningen,47.53796,7.571110000000001,738.0
1933,Switzerland,CHE,Basel-Binningen,47.53796,7.571110000000001,684.9
1934,Switzerland,CHE,Basel-Binningen,47.53796,7.571110000000001,661.3
1935,Switzerland,CHE,Basel-Binningen,47.53796,7.571110000000001,888.6
1936,Switzerland,CHE,Basel-Binningen,47.53796,7.571110000000001,869.8
1937,Switzerland,CHE,Basel-Binningen,47.53796,7.571110000000001,803.5
1938,Switzerland,CHE,Basel-Binningen,47.53796,7.571110000000001,911.4
1939,Switzerland,CHE,Basel-Binningen,47.53796,7.571110000000001,1204.6
1940,Switzerland,CHE,Basel-Binningen,47.53796,7.571110000000001,959.4
1941,Switzerland,CHE,Basel-Binningen,47.53796,7.571110000000001,690.7
1942,Switzerland,CHE,Basel-Binningen,47.53796,7.571110000000001,761.7
1943,Switzerland,CHE,Basel-Binningen,47.53796,7.571110000000001,572.0
1944,Switzerland,CHE,Basel-Binningen,47.53796,7.571110000000001,830.4
1945,Switzerland,CHE,Basel-Binningen,47.53796,7.571110000000001,644.6
1946,Switzerland,CHE,Basel-Binningen,47.53796,7.571110000000001,752.4
1947,Switzerland,CHE,Basel-Binningen,47.53796,7.571110000000001,513.7
1948,Switzerland,CHE,Basel-Binningen,47.53796,7.571110000000001,785.9
1949,Switzerland,CHE,Basel-Binningen,47.53796,7.571110000000001,568.6
1950,Switzerland,CHE,Basel-Binningen,47.53796,7.571110000000001,940.8
1951,Switzerland,CHE,Basel-Binningen,47.53796,7.571110000000001,950.4
1952,Switzerland,CHE,Basel-Binningen,47.53796,7.571110000000001,920.8
1953,Switzerland,CHE,Basel-Binningen,47.53796,7.571110000000001,498.9
1954,Switzerland,CHE,Basel-Binningen,47.53796,7.571110000000001,876.4
1955,Switzerland,CHE,Basel-Binningen,47.53796,7.571110000000001,892.1
1956,Switzerland,CHE,Basel-Binningen,47.53796,7.571110000000001,849.4
1957,Switzerland,CHE,Basel-Binningen,47.53796,7.571110000000001,702.6
1958,Switzerland,CHE,Basel-Binningen,47.53796,7.571110000000001,774.7
1959,Switzerland,CHE,Basel-Binningen,47.53796,7.571110000000001,702.6
1960,Switzerland,CHE,Basel-Binningen,47.53796,7.571110000000001,796.8
1961,Switzerland,CHE,Basel-Binningen,47.53796,7.571110000000001,732.2
1962,Switzerland,CHE,Basel-Binningen,47.53796,7.571110000000001,613.8
1963,Switzerland,CHE,Basel-Binningen,47.53796,7.571110000000001,742.5
1964,Switzerland,CHE,Basel-Binningen,47.53796,7.571110000000001,663.2
1965,Switzerland,CHE,Basel-Binningen,47.53796,7.571110000000001,1005.7
1966,Switzerland,CHE,Basel-Binningen,47.53796,7.571110000000001,889.5
1967,Switzerland,CHE,Basel-Binningen,47.53796,7.571110000000001,775.2
1968,Switzerland,CHE,Basel-Binningen,47.53796,7.571110000000001,874.9
1969,Switzerland,CHE,Basel-Binningen,47.53796,7.571110000000001,856.9
1970,Switzerland,CHE,Basel-Binningen,47.53796,7.571110000000001,857.0
1971,Switzerland,CHE,Basel-Binningen,47.53796,7.571110000000001,634.6
1972,Switzerland,CHE,Basel-Binningen,47.53796,7.571110000000001,633.8
1973,Switzerland,CHE,Basel-Binningen,47.53796,7.571110000000001,760.3
1974,Switzerland,CHE,Basel-Binningen,47.53796,7.571110000000001,701.8
1975,Switzerland,CHE,Basel-Binningen,47.53796,7.571110000000001,802.2
1976,Switzerland,CHE,Basel-Binningen,47.53796,7.571110000000001,519.4
1977,Switzerland,CHE,Basel-Binningen,47.53796,7.571110000000001,893.6
1978,Switzerland,CHE,Basel-Binningen,47.53796,7.571110000000001,738.7
1979,Switzerland,CHE,Basel-Binningen,47.53796,7.571110000000001,846.9
1980,Switzerland,CHE,Basel-Binningen,47.53796,7.571110000000001,706.6
1981,Switzerland,CHE,Basel-Binningen,47.53796,7.571110000000001,972.4
1982,Switzerland,CHE,Basel-Binningen,47.53796,7.571110000000001,958.7
1983,Switzerland,CHE,Basel-Binningen,47.53796,7.571110000000001,728.0
1984,Switzerland,CHE,Basel-Binningen,47.53796,7.571110000000001,721.4
1985,Switzerland,CHE,Basel-Binningen,47.53796,7.571110000000001,618.8
1986,Switzerland,CHE,Basel-Binningen,47.53796,7.571110000000001,878.9
1987,Switzerland,CHE,Basel-Binningen,47.53796,7.571110000000001,907.7
1988,Switzerland,CHE,Basel-Binningen,47.53796,7.571110000000001,832.2
1989,Switzerland,CHE,Basel-Binningen,47.53796,7.571110000000001,655.8
1990,Switzerland,CHE,Basel-Binningen,47.53796,7.571110000000001,814.5
1991,Switzerland,CHE,Basel-Binningen,47.53796,7.571110000000001,758.7
1992,Switzerland,CHE,Basel-Binningen,47.53796,7.571110000000001,824.3
1993,Switzerland,CHE,Basel-Binningen,47.53796,7.571110000000001,779.8
1994,Switzerland,CHE,Basel-Binningen,47.53796,7.571110000000001,848.5
1995,Switzerland,CHE,Basel-Binningen,47.53796,7.571110000000001,1014.3
1996,Switzerland,CHE,Basel-Binningen,47.53796,7.571110000000001,833.0
1997,Switzerland,CHE,Basel-Binningen,47.53796,7.571110000000001,752.7
1998,Switzerland,CHE,Basel-Binningen,47.53796,7.571110000000001,806.6
1999,Switzerland,CHE,Basel-Binningen,47.53796,7.571110000000001,1151.0
2000,Switzerland,CHE,Basel-Binningen,47.53796,7.571110000000001,786.7
2001,Switzerland,CHE,Basel-Binningen,47.53796,7.571110000000001,1011.7
2002,Switzerland,CHE,Basel-Binningen,47.53796,7.571110000000001,1048.3
2003,Switzerland,CHE,Basel-Binningen,47.53796,7.571110000000001,614.6
2004,Switzerland,CHE,Basel-Binningen,47.53796,7.571110000000001,791.9
2005,Switzerland,CHE,Basel-Binningen,47.53796,7.571110000000001,706.0
2006,Switzerland,CHE,Basel-Binningen,47.53796,7.571110000000001,1028.5
2007,Switzerland,CHE,Basel-Binningen,47.53796,7.571110000000001,952.0
2008,Switzerland,CHE,Basel-Binningen,47.53796,7.571110000000001,869.6
2009,Switzerland,CHE,Basel-Binningen,47.53796,7.571110000000001,765.0
2010,Switzerland,CHE,Basel-Binningen,47.53796,7.571110000000001,835.2
2011,Switzerland,CHE,Basel-Binningen,47.53796,7.571110000000001,687.9
2012,Switzerland,CHE,Basel-Binningen,47.53796,7.571110000000001,1047.9
2013,Switzerland,CHE,Basel-Binningen,47.53796,7.571110000000001,907.7
2014,Switzerland,CHE,Basel-Binningen,47.53796,7.571110000000001,868.5
2015,Switzerland,CHE,Basel-Binningen,47.53796,7.571110000000001,645.3
2016,Switzerland,CHE,Basel-Binningen,47.53796,7.571110000000001,996.8
2017,Switzerland,CHE,Basel-Binningen,47.53796,7.571110000000001,765.2
2018,Switzerland,CHE,Basel-Binningen,47.53796,7.571110000000001,697.6
2019,Switzerland,CHE,Basel-Binningen,47.53796,7.571110000000001,785.8
1931,Switzerland,CHE,Davos,46.802746,9.83597,1077.3
1932,Switzerland,CHE,Davos,46.802746,9.83597,839.1
1933,Switzerland,CHE,Davos,46.802746,9.83597,928.1
1934,Switzerland,CHE,Davos,46.802746,9.83597,946.1
1935,Switzerland,CHE,Davos,46.802746,9.83597,1272.5
1936,Switzerland,CHE,Davos,46.802746,9.83597,972.2
1937,Switzerland,CHE,Davos,46.802746,9.83597,995.9
1938,Switzerland,CHE,Davos,46.802746,9.83597,860.6
1939,Switzerland,CHE,Davos,46.802746,9.83597,1109.2
1940,Switzerland,CHE,Davos,46.802746,9.83597,1041.1
1941,Switzerland,CHE,Davos,46.802746,9.83597,819.5
1942,Switzerland,CHE,Davos,46.802746,9.83597,870.2
1943,Switzerland,CHE,Davos,46.802746,9.83597,864.2
1944,Switzerland,CHE,Davos,46.802746,9.83597,1104.4
1945,Switzerland,CHE,Davos,46.802746,9.83597,968.8
1946,Switzerland,CHE,Davos,46.802746,9.83597,929.0
1947,Switzerland,CHE,Davos,46.802746,9.83597,983.6
1948,Switzerland,CHE,Davos,46.802746,9.83597,1018.4
1949,Switzerland,CHE,Davos,46.802746,9.83597,833.3
1950,Switzerland,CHE,Davos,46.802746,9.83597,1043.9
1951,Switzerland,CHE,Davos,46.802746,9.83597,1049.1
1952,Switzerland,CHE,Davos,46.802746,9.83597,1127.2
1953,Switzerland,CHE,Davos,46.802746,9.83597,744.6
1954,Switzerland,CHE,Davos,46.802746,9.83597,1303.1
1955,Switzerland,CHE,Davos,46.802746,9.83597,888.1
1956,Switzerland,CHE,Davos,46.802746,9.83597,944.7
1957,Switzerland,CHE,Davos,46.802746,9.83597,884.4
1958,Switzerland,CHE,Davos,46.802746,9.83597,1092.5
1959,Switzerland,CHE,Davos,46.802746,9.83597,649.4
1960,Switzerland,CHE,Davos,46.802746,9.83597,1136.3
1961,Switzerland,CHE,Davos,46.802746,9.83597,791.9
1962,Switzerland,CHE,Davos,46.802746,9.83597,885.4
1963,Switzerland,CHE,Davos,46.802746,9.83597,883.9
1964,Switzerland,CHE,Davos,46.802746,9.83597,805.3
1965,Switzerland,CHE,Davos,46.802746,9.83597,1169.8
1966,Switzerland,CHE,Davos,46.802746,9.83597,1114.1
1967,Switzerland,CHE,Davos,46.802746,9.83597,1000.0
1968,Switzerland,CHE,Davos,46.802746,9.83597,1056.0
1969,Switzerland,CHE,Davos,46.802746,9.83597,874.1
1970,Switzerland,CHE,Davos,46.802746,9.83597,1238.2
1971,Switzerland,CHE,Davos,46.802746,9.83597,703.3
1972,Switzerland,CHE,Davos,46.802746,9.83597,779.5
1973,Switzerland,CHE,Davos,46.802746,9.83597,1024.2
1974,Switzerland,CHE,Davos,46.802746,9.83597,1122.9
1975,Switzerland,CHE,Davos,46.802746,9.83597,898.4
1976,Switzerland,CHE,Davos,46.802746,9.83597,1027.2
1977,Switzerland,CHE,Davos,46.802746,9.83597,1040.2
1978,Switzerland,CHE,Davos,46.802746,9.83597,1032.0
1979,Switzerland,CHE,Davos,46.802746,9.83597,1320.0
1980,Switzerland,CHE,Davos,46.802746,9.83597,1022.8
1981,Switzerland,CHE,Davos,46.802746,9.83597,1227.4
1982,Switzerland,CHE,Davos,46.802746,9.83597,1014.8
1983,Switzerland,CHE,Davos,46.802746,9.83597,1086.1
1984,Switzerland,CHE,Davos,46.802746,9.83597,915.3
1985,Switzerland,CHE,Davos,46.802746,9.83597,913.9
1986,Switzerland,CHE,Davos,46.802746,9.83597,993.4
1987,Switzerland,CHE,Davos,46.802746,9.83597,1171.8
1988,Switzerland,CHE,Davos,46.802746,9.83597,1102.2
1989,Switzerland,CHE,Davos,46.802746,9.83597,723.2
1990,Switzerland,CHE,Davos,46.802746,9.83597,1022.3
1991,Switzerland,CHE,Davos,46.802746,9.83597,843.4
1992,Switzerland,CHE,Davos,46.802746,9.83597,975.7
1993,Switzerland,CHE,Davos,46.802746,9.83597,1002.9
1994,Switzerland,CHE,Davos,46.802746,9.83597,1077.8
1995,Switzerland,CHE,Davos,46.802746,9.83597,1102.5
1996,Switzerland,CHE,Davos,46.802746,9.83597,995.4
1997,Switzerland,CHE,Davos,46.802746,9.83597,959.2
1998,Switzerland,CHE,Davos,46.802746,9.83597,933.7
1999,Switzerland,CHE,Davos,46.802746,9.83597,1369.7
2000,Switzerland,CHE,Davos,46.802746,9.83597,1189.8
2001,Switzerland,CHE,Davos,46.802746,9.83597,1268.2
2002,Switzerland,CHE,Davos,46.802746,9.83597,1227.5
2003,Switzerland,CHE,Davos,46.802746,9.83597,848.7
2004,Switzerland,CHE,Davos,46.802746,9.83597,881.1
2005,Switzerland,CHE,Davos,46.802746,9.83597,922.9
2006,Switzerland,CHE,Davos,46.802746,9.83597,788.5
2007,Switzerland,CHE,Davos,46.802746,9.83597,1005.0
2008,Switzerland,CHE,Davos,46.802746,9.83597,1163.7
2009,Switzerland,CHE,Davos,46.802746,9.83597,928.6
2010,Switzerland,CHE,Davos,46.802746,9.83597,1003.4
2011,Switzerland,CHE,Davos,46.802746,9.83597,1070.3
2012,Switzerland,CHE,Davos,46.802746,9.83597,1232.3
2013,Switzerland,CHE,Davos,46.802746,9.83597,923.8
2014,Switzerland,CHE,Davos,46.802746,9.83597,1021.6
2015,Switzerland,CHE,Davos,46.802746,9.83597,866.0
2016,Switzerland,CHE,Davos,46.802746,9.83597,1153.0
2017,Switzerland,CHE,Davos,46.802746,9.83597,1193.1
2018,Switzerland,CHE,Davos,46.802746,9.83597,1082.8
2019,Switzerland,CHE,Davos,46.802746,9.83597,1314.1
1931,Switzerland,CHE,Genf-Cointrin,46.22783,6.10424,919.7
1932,Switzerland,CHE,Genf-Cointrin,46.22783,6.10424,918.0
1933,Switzerland,CHE,Genf-Cointrin,46.22783,6.10424,863.6
1934,Switzerland,CHE,Genf-Cointrin,46.22783,6.10424,740.3
1935,Switzerland,CHE,Genf-Cointrin,46.22783,6.10424,1065.5
1936,Switzerland,CHE,Genf-Cointrin,46.22783,6.10424,880.5
1937,Switzerland,CHE,Genf-Cointrin,46.22783,6.10424,1094.1
1938,Switzerland,CHE,Genf-Cointrin,46.22783,6.10424,741.6
1939,Switzerland,CHE,Genf-Cointrin,46.22783,6.10424,1103.0
1940,Switzerland,CHE,Genf-Cointrin,46.22783,6.10424,1003.5
1941,Switzerland,CHE,Genf-Cointrin,46.22783,6.10424,753.4
1942,Switzerland,CHE,Genf-Cointrin,46.22783,6.10424,685.1
1943,Switzerland,CHE,Genf-Cointrin,46.22783,6.10424,834.0
1944,Switzerland,CHE,Genf-Cointrin,46.22783,6.10424,846.0
1945,Switzerland,CHE,Genf-Cointrin,46.22783,6.10424,659.4
1946,Switzerland,CHE,Genf-Cointrin,46.22783,6.10424,899.0
1947,Switzerland,CHE,Genf-Cointrin,46.22783,6.10424,868.8
1948,Switzerland,CHE,Genf-Cointrin,46.22783,6.10424,927.8
1949,Switzerland,CHE,Genf-Cointrin,46.22783,6.10424,696.1
1950,Switzerland,CHE,Genf-Cointrin,46.22783,6.10424,932.5
1951,Switzerland,CHE,Genf-Cointrin,46.22783,6.10424,985.0
1952,Switzerland,CHE,Genf-Cointrin,46.22783,6.10424,1089.4
1953,Switzerland,CHE,Genf-Cointrin,46.22783,6.10424,641.1
1954,Switzerland,CHE,Genf-Cointrin,46.22783,6.10424,1016.9
1955,Switzerland,CHE,Genf-Cointrin,46.22783,6.10424,979.3
1956,Switzerland,CHE,Genf-Cointrin,46.22783,6.10424,842.8
1957,Switzerland,CHE,Genf-Cointrin,46.22783,6.10424,666.3
1958,Switzerland,CHE,Genf-Cointrin,46.22783,6.10424,969.6
1959,Switzerland,CHE,Genf-Cointrin,46.22783,6.10424,874.7
1960,Switzerland,CHE,Genf-Cointrin,46.22783,6.10424,1334.2
1961,Switzerland,CHE,Genf-Cointrin,46.22783,6.10424,753.8
1962,Switzerland,CHE,Genf-Cointrin,46.22783,6.10424,713.3
1963,Switzerland,CHE,Genf-Cointrin,46.22783,6.10424,1006.7
1964,Switzerland,CHE,Genf-Cointrin,46.22783,6.10424,736.1
1965,Switzerland,CHE,Genf-Cointrin,46.22783,6.10424,1198.5
1966,Switzerland,CHE,Genf-Cointrin,46.22783,6.10424,944.5
1967,Switzerland,CHE,Genf-Cointrin,46.22783,6.10424,836.1
1968,Switzerland,CHE,Genf-Cointrin,46.22783,6.10424,1132.9
1969,Switzerland,CHE,Genf-Cointrin,46.22783,6.10424,818.7
1970,Switzerland,CHE,Genf-Cointrin,46.22783,6.10424,962.7
1971,Switzerland,CHE,Genf-Cointrin,46.22783,6.10424,651.9
1972,Switzerland,CHE,Genf-Cointrin,46.22783,6.10424,723.5
1973,Switzerland,CHE,Genf-Cointrin,46.22783,6.10424,728.2
1974,Switzerland,CHE,Genf-Cointrin,46.22783,6.10424,934.6
1975,Switzerland,CHE,Genf-Cointrin,46.22783,6.10424,1026.0
1976,Switzerland,CHE,Genf-Cointrin,46.22783,6.10424,921.9
1977,Switzerland,CHE,Genf-Cointrin,46.22783,6.10424,1287.8
1978,Switzerland,CHE,Genf-Cointrin,46.22783,6.10424,980.3
1979,Switzerland,CHE,Genf-Cointrin,46.22783,6.10424,1048.2
1980,Switzerland,CHE,Genf-Cointrin,46.22783,6.10424,1038.8
1981,Switzerland,CHE,Genf-Cointrin,46.22783,6.10424,1153.6
1982,Switzerland,CHE,Genf-Cointrin,46.22783,6.10424,1050.1
1983,Switzerland,CHE,Genf-Cointrin,46.22783,6.10424,1193.8
1984,Switzerland,CHE,Genf-Cointrin,46.22783,6.10424,965.9
1985,Switzerland,CHE,Genf-Cointrin,46.22783,6.10424,990.4
1986,Switzerland,CHE,Genf-Cointrin,46.22783,6.10424,1038.8
1987,Switzerland,CHE,Genf-Cointrin,46.22783,6.10424,1065.6
1988,Switzerland,CHE,Genf-Cointrin,46.22783,6.10424,1062.8
1989,Switzerland,CHE,Genf-Cointrin,46.22783,6.10424,643.8
1990,Switzerland,CHE,Genf-Cointrin,46.22783,6.10424,1020.7
1991,Switzerland,CHE,Genf-Cointrin,46.22783,6.10424,870.4
1992,Switzerland,CHE,Genf-Cointrin,46.22783,6.10424,1087.6
1993,Switzerland,CHE,Genf-Cointrin,46.22783,6.10424,1155.8
1994,Switzerland,CHE,Genf-Cointrin,46.22783,6.10424,1001.4
1995,Switzerland,CHE,Genf-Cointrin,46.22783,6.10424,1071.7
1996,Switzerland,CHE,Genf-Cointrin,46.22783,6.10424,946.9
1997,Switzerland,CHE,Genf-Cointrin,46.22783,6.10424,970.0
1998,Switzerland,CHE,Genf-Cointrin,46.22783,6.10424,857.7
1999,Switzerland,CHE,Genf-Cointrin,46.22783,6.10424,1230.6
2000,Switzerland,CHE,Genf-Cointrin,46.22783,6.10424,996.0
2001,Switzerland,CHE,Genf-Cointrin,46.22783,6.10424,1217.3
2002,Switzerland,CHE,Genf-Cointrin,46.22783,6.10424,1166.4
2003,Switzerland,CHE,Genf-Cointrin,46.22783,6.10424,736.9
2004,Switzerland,CHE,Genf-Cointrin,46.22783,6.10424,989.5
2005,Switzerland,CHE,Genf-Cointrin,46.22783,6.10424,746.3
2006,Switzerland,CHE,Genf-Cointrin,46.22783,6.10424,968.6
2007,Switzerland,CHE,Genf-Cointrin,46.22783,6.10424,1121.1
2008,Switzerland,CHE,Genf-Cointrin,46.22783,6.10424,1134.9
2009,Switzerland,CHE,Genf-Cointrin,46.22783,6.10424,886.4
2010,Switzerland,CHE,Genf-Cointrin,46.22783,6.10424,812.0
2011,Switzerland,CHE,Genf-Cointrin,46.22783,6.10424,619.0
2012,Switzerland,CHE,Genf-Cointrin,46.22783,6.10424,970.3
2013,Switzerland,CHE,Genf-Cointrin,46.22783,6.10424,1047.3
2014,Switzerland,CHE,Genf-Cointrin,46.22783,6.10424,1004.6
2015,Switzerland,CHE,Genf-Cointrin,46.22783,6.10424,685.5
2016,Switzerland,CHE,Genf-Cointrin,46.22783,6.10424,885.5
2017,Switzerland,CHE,Genf-Cointrin,46.22783,6.10424,693.0
2018,Switzerland,CHE,Genf-Cointrin,46.22783,6.10424,864.3
2019,Switzerland,CHE,Genf-Cointrin,46.22783,6.10424,842.2
1931,Switzerland,CHE,Locarno-Monti,46.170978999999996,8.79112,1962.0
1932,Switzerland,CHE,Locarno-Monti,46.170978999999996,8.79112,2178.2
1933,Switzerland,CHE,Locarno-Monti,46.170978999999996,8.79112,1828.5
1934,Switzerland,CHE,Locarno-Monti,46.170978999999996,8.79112,2227.3
1935,Switzerland,CHE,Locarno-Monti,46.170978999999996,8.79112,2500.8
1936,Switzerland,CHE,Locarno-Monti,46.170978999999996,8.79112,1979.0
1937,Switzerland,CHE,Locarno-Monti,46.170978999999996,8.79112,2159.0
1938,Switzerland,CHE,Locarno-Monti,46.170978999999996,8.79112,1782.8
1939,Switzerland,CHE,Locarno-Monti,46.170978999999996,8.79112,2634.9
1940,Switzerland,CHE,Locarno-Monti,46.170978999999996,8.79112,1854.4
1941,Switzerland,CHE,Locarno-Monti,46.170978999999996,8.79112,2206.9
1942,Switzerland,CHE,Locarno-Monti,46.170978999999996,8.79112,1817.4
1943,Switzerland,CHE,Locarno-Monti,46.170978999999996,8.79112,1379.8
1944,Switzerland,CHE,Locarno-Monti,46.170978999999996,8.79112,1600.1
1945,Switzerland,CHE,Locarno-Monti,46.170978999999996,8.79112,1736.4
1946,Switzerland,CHE,Locarno-Monti,46.170978999999996,8.79112,1961.8
1947,Switzerland,CHE,Locarno-Monti,46.170978999999996,8.79112,1916.4
1948,Switzerland,CHE,Locarno-Monti,46.170978999999996,8.79112,1921.8
1949,Switzerland,CHE,Locarno-Monti,46.170978999999996,8.79112,1424.1
1950,Switzerland,CHE,Locarno-Monti,46.170978999999996,8.79112,1887.9
1951,Switzerland,CHE,Locarno-Monti,46.170978999999996,8.79112,2956.6
1952,Switzerland,CHE,Locarno-Monti,46.170978999999996,8.79112,1829.5
1953,Switzerland,CHE,Locarno-Monti,46.170978999999996,8.79112,1779.6
1954,Switzerland,CHE,Locarno-Monti,46.170978999999996,8.79112,1979.4
1955,Switzerland,CHE,Locarno-Monti,46.170978999999996,8.79112,1327.1
1956,Switzerland,CHE,Locarno-Monti,46.170978999999996,8.79112,2180.1
1957,Switzerland,CHE,Locarno-Monti,46.170978999999996,8.79112,2228.9
1958,Switzerland,CHE,Locarno-Monti,46.170978999999996,8.79112,2049.1
1959,Switzerland,CHE,Locarno-Monti,46.170978999999996,8.79112,1701.2
1960,Switzerland,CHE,Locarno-Monti,46.170978999999996,8.79112,3034.4
1961,Switzerland,CHE,Locarno-Monti,46.170978999999996,8.79112,1422.4
1962,Switzerland,CHE,Locarno-Monti,46.170978999999996,8.79112,1203.7
1963,Switzerland,CHE,Locarno-Monti,46.170978999999996,8.79112,2564.1
1964,Switzerland,CHE,Locarno-Monti,46.170978999999996,8.79112,1335.5
1965,Switzerland,CHE,Locarno-Monti,46.170978999999996,8.79112,1717.1
1966,Switzerland,CHE,Locarno-Monti,46.170978999999996,8.79112,2112.5
1967,Switzerland,CHE,Locarno-Monti,46.170978999999996,8.79112,1870.6
1968,Switzerland,CHE,Locarno-Monti,46.170978999999996,8.79112,2229.2
1969,Switzerland,CHE,Locarno-Monti,46.170978999999996,8.79112,1574.2
1970,Switzerland,CHE,Locarno-Monti,46.170978999999996,8.79112,1726.6
1971,Switzerland,CHE,Locarno-Monti,46.170978999999996,8.79112,1682.6
1972,Switzerland,CHE,Locarno-Monti,46.170978999999996,8.79112,1726.6
1973,Switzerland,CHE,Locarno-Monti,46.170978999999996,8.79112,1443.2
1974,Switzerland,CHE,Locarno-Monti,46.170978999999996,8.79112,1590.6
1975,Switzerland,CHE,Locarno-Monti,46.170978999999996,8.79112,2053.6
1976,Switzerland,CHE,Locarno-Monti,46.170978999999996,8.79112,2001.6
1977,Switzerland,CHE,Locarno-Monti,46.170978999999996,8.79112,2747.0
1978,Switzerland,CHE,Locarno-Monti,46.170978999999996,8.79112,1829.8
1979,Switzerland,CHE,Locarno-Monti,46.170978999999996,8.79112,2007.9
1980,Switzerland,CHE,Locarno-Monti,46.170978999999996,8.79112,1473.5
1981,Switzerland,CHE,Locarno-Monti,46.170978999999996,8.79112,2203.1
1982,Switzerland,CHE,Locarno-Monti,46.170978999999996,8.79112,1874.8
1983,Switzerland,CHE,Locarno-Monti,46.170978999999996,8.79112,1938.2
1984,Switzerland,CHE,Locarno-Monti,46.170978999999996,8.79112,2131.9
1985,Switzerland,CHE,Locarno-Monti,46.170978999999996,8.79112,1729.1
1986,Switzerland,CHE,Locarno-Monti,46.170978999999996,8.79112,1763.3
1987,Switzerland,CHE,Locarno-Monti,46.170978999999996,8.79112,2277.5
1988,Switzerland,CHE,Locarno-Monti,46.170978999999996,8.79112,2127.1
1989,Switzerland,CHE,Locarno-Monti,46.170978999999996,8.79112,1478.1
1990,Switzerland,CHE,Locarno-Monti,46.170978999999996,8.79112,1474.3
1991,Switzerland,CHE,Locarno-Monti,46.170978999999996,8.79112,1861.2
1992,Switzerland,CHE,Locarno-Monti,46.170978999999996,8.79112,1779.4
1993,Switzerland,CHE,Locarno-Monti,46.170978999999996,8.79112,2314.0
1994,Switzerland,CHE,Locarno-Monti,46.170978999999996,8.79112,2022.1
1995,Switzerland,CHE,Locarno-Monti,46.170978999999996,8.79112,1524.6
1996,Switzerland,CHE,Locarno-Monti,46.170978999999996,8.79112,1800.8
1997,Switzerland,CHE,Locarno-Monti,46.170978999999996,8.79112,1696.1
1998,Switzerland,CHE,Locarno-Monti,46.170978999999996,8.79112,1843.7
1999,Switzerland,CHE,Locarno-Monti,46.170978999999996,8.79112,2366.6
2000,Switzerland,CHE,Locarno-Monti,46.170978999999996,8.79112,2622.7
2001,Switzerland,CHE,Locarno-Monti,46.170978999999996,8.79112,1753.9
2002,Switzerland,CHE,Locarno-Monti,46.170978999999996,8.79112,2649.2
2003,Switzerland,CHE,Locarno-Monti,46.170978999999996,8.79112,1107.4
2004,Switzerland,CHE,Locarno-Monti,46.170978999999996,8.79112,1893.8
2005,Switzerland,CHE,Locarno-Monti,46.170978999999996,8.79112,1057.7
2006,Switzerland,CHE,Locarno-Monti,46.170978999999996,8.79112,1629.0
2007,Switzerland,CHE,Locarno-Monti,46.170978999999996,8.79112,1503.8
2008,Switzerland,CHE,Locarno-Monti,46.170978999999996,8.79112,2347.1
2009,Switzerland,CHE,Locarno-Monti,46.170978999999996,8.79112,2106.0
2010,Switzerland,CHE,Locarno-Monti,46.170978999999996,8.79112,2019.8
2011,Switzerland,CHE,Locarno-Monti,46.170978999999996,8.79112,1578.3
2012,Switzerland,CHE,Locarno-Monti,46.170978999999996,8.79112,1862.9
2013,Switzerland,CHE,Locarno-Monti,46.170978999999996,8.79112,1947.3
2014,Switzerland,CHE,Locarno-Monti,46.170978999999996,8.79112,2781.4
2015,Switzerland,CHE,Locarno-Monti,46.170978999999996,8.79112,1344.5
2016,Switzerland,CHE,Locarno-Monti,46.170978999999996,8.79112,1619.9
2017,Switzerland,CHE,Locarno-Monti,46.170978999999996,8.79112,1685.5
2018,Switzerland,CHE,Locarno-Monti,46.170978999999996,8.79112,1465.6
2019,Switzerland,CHE,Locarno-Monti,46.170978999999996,8.79112,1867.9
1931,Switzerland,CHE,Lugano,46.003601,8.953619999999999,1478.5
1932,Switzerland,CHE,Lugano,46.003601,8.953619999999999,1915.5
1933,Switzerland,CHE,Lugano,46.003601,8.953619999999999,1490.5
1934,Switzerland,CHE,Lugano,46.003601,8.953619999999999,1994.0
1935,Switzerland,CHE,Lugano,46.003601,8.953619999999999,1798.7
1936,Switzerland,CHE,Lugano,46.003601,8.953619999999999,1695.8
1937,Switzerland,CHE,Lugano,46.003601,8.953619999999999,1938.0
1938,Switzerland,CHE,Lugano,46.003601,8.953619999999999,1608.1
1939,Switzerland,CHE,Lugano,46.003601,8.953619999999999,2088.4
1940,Switzerland,CHE,Lugano,46.003601,8.953619999999999,1377.2
1941,Switzerland,CHE,Lugano,46.003601,8.953619999999999,1688.6
1942,Switzerland,CHE,Lugano,46.003601,8.953619999999999,1307.9
1943,Switzerland,CHE,Lugano,46.003601,8.953619999999999,1108.9
1944,Switzerland,CHE,Lugano,46.003601,8.953619999999999,1217.2
1945,Switzerland,CHE,Lugano,46.003601,8.953619999999999,1269.2
1946,Switzerland,CHE,Lugano,46.003601,8.953619999999999,1603.2
1947,Switzerland,CHE,Lugano,46.003601,8.953619999999999,1352.9
1948,Switzerland,CHE,Lugano,46.003601,8.953619999999999,1602.4
1949,Switzerland,CHE,Lugano,46.003601,8.953619999999999,1208.0
1950,Switzerland,CHE,Lugano,46.003601,8.953619999999999,1609.3
1951,Switzerland,CHE,Lugano,46.003601,8.953619999999999,2224.3
1952,Switzerland,CHE,Lugano,46.003601,8.953619999999999,1396.9
1953,Switzerland,CHE,Lugano,46.003601,8.953619999999999,1365.3
1954,Switzerland,CHE,Lugano,46.003601,8.953619999999999,1670.5
1955,Switzerland,CHE,Lugano,46.003601,8.953619999999999,1209.5
1956,Switzerland,CHE,Lugano,46.003601,8.953619999999999,1522.8
1957,Switzerland,CHE,Lugano,46.003601,8.953619999999999,1829.6
1958,Switzerland,CHE,Lugano,46.003601,8.953619999999999,1567.3
1959,Switzerland,CHE,Lugano,46.003601,8.953619999999999,1842.1
1960,Switzerland,CHE,Lugano,46.003601,8.953619999999999,2594.8
1961,Switzerland,CHE,Lugano,46.003601,8.953619999999999,1272.7
1962,Switzerland,CHE,Lugano,46.003601,8.953619999999999,1020.0
1963,Switzerland,CHE,Lugano,46.003601,8.953619999999999,2192.4
1964,Switzerland,CHE,Lugano,46.003601,8.953619999999999,1297.6
1965,Switzerland,CHE,Lugano,46.003601,8.953619999999999,1196.1
1966,Switzerland,CHE,Lugano,46.003601,8.953619999999999,1861.8
1967,Switzerland,CHE,Lugano,46.003601,8.953619999999999,1313.5
1968,Switzerland,CHE,Lugano,46.003601,8.953619999999999,1676.8
1969,Switzerland,CHE,Lugano,46.003601,8.953619999999999,1175.9
1970,Switzerland,CHE,Lugano,46.003601,8.953619999999999,1404.2
1971,Switzerland,CHE,Lugano,46.003601,8.953619999999999,1494.7
1972,Switzerland,CHE,Lugano,46.003601,8.953619999999999,1618.3
1973,Switzerland,CHE,Lugano,46.003601,8.953619999999999,1311.7
1974,Switzerland,CHE,Lugano,46.003601,8.953619999999999,1308.0
1975,Switzerland,CHE,Lugano,46.003601,8.953619999999999,1535.8
1976,Switzerland,CHE,Lugano,46.003601,8.953619999999999,1700.3
1977,Switzerland,CHE,Lugano,46.003601,8.953619999999999,2195.7
1978,Switzerland,CHE,Lugano,46.003601,8.953619999999999,1575.6
1979,Switzerland,CHE,Lugano,46.003601,8.953619999999999,2079.2
1980,Switzerland,CHE,Lugano,46.003601,8.953619999999999,1505.0
1981,Switzerland,CHE,Lugano,46.003601,8.953619999999999,1637.1
1982,Switzerland,CHE,Lugano,46.003601,8.953619999999999,1683.2
1983,Switzerland,CHE,Lugano,46.003601,8.953619999999999,1453.2
1984,Switzerland,CHE,Lugano,46.003601,8.953619999999999,1831.9
1985,Switzerland,CHE,Lugano,46.003601,8.953619999999999,1380.4
1986,Switzerland,CHE,Lugano,46.003601,8.953619999999999,1599.9
1987,Switzerland,CHE,Lugano,46.003601,8.953619999999999,1661.4
1988,Switzerland,CHE,Lugano,46.003601,8.953619999999999,1558.5
1989,Switzerland,CHE,Lugano,46.003601,8.953619999999999,1468.4
1990,Switzerland,CHE,Lugano,46.003601,8.953619999999999,1342.4
1991,Switzerland,CHE,Lugano,46.003601,8.953619999999999,1287.5
1992,Switzerland,CHE,Lugano,46.003601,8.953619999999999,1600.5
1993,Switzerland,CHE,Lugano,46.003601,8.953619999999999,1590.2
1994,Switzerland,CHE,Lugano,46.003601,8.953619999999999,1702.5
1995,Switzerland,CHE,Lugano,46.003601,8.953619999999999,1411.8
1996,Switzerland,CHE,Lugano,46.003601,8.953619999999999,1720.5
1997,Switzerland,CHE,Lugano,46.003601,8.953619999999999,1227.1
1998,Switzerland,CHE,Lugano,46.003601,8.953619999999999,1507.9
1999,Switzerland,CHE,Lugano,46.003601,8.953619999999999,1698.5
2000,Switzerland,CHE,Lugano,46.003601,8.953619999999999,2149.3
2001,Switzerland,CHE,Lugano,46.003601,8.953619999999999,1499.1
2002,Switzerland,CHE,Lugano,46.003601,8.953619999999999,2105.4
2003,Switzerland,CHE,Lugano,46.003601,8.953619999999999,1166.8
2004,Switzerland,CHE,Lugano,46.003601,8.953619999999999,1372.9
2005,Switzerland,CHE,Lugano,46.003601,8.953619999999999,952.2
2006,Switzerland,CHE,Lugano,46.003601,8.953619999999999,1298.3
2007,Switzerland,CHE,Lugano,46.003601,8.953619999999999,1143.2
2008,Switzerland,CHE,Lugano,46.003601,8.953619999999999,2188.6
2009,Switzerland,CHE,Lugano,46.003601,8.953619999999999,1679.7
2010,Switzerland,CHE,Lugano,46.003601,8.953619999999999,1854.2
2011,Switzerland,CHE,Lugano,46.003601,8.953619999999999,1179.3
2012,Switzerland,CHE,Lugano,46.003601,8.953619999999999,1411.7
2013,Switzerland,CHE,Lugano,46.003601,8.953619999999999,1713.3
2014,Switzerland,CHE,Lugano,46.003601,8.953619999999999,2429.6
2015,Switzerland,CHE,Lugano,46.003601,8.953619999999999,1232.4
2016,Switzerland,CHE,Lugano,46.003601,8.953619999999999,1680.5
2017,Switzerland,CHE,Lugano,46.003601,8.953619999999999,1509.4
2018,Switzerland,CHE,Lugano,46.003601,8.953619999999999,1472.2
2019,Switzerland,CHE,Lugano,46.003601,8.953619999999999,1675.2
1931,Switzerland,CHE,Luzern,47.04554,8.308010000000001,1162.5
1932,Switzerland,CHE,Luzern,47.04554,8.308010000000001,1072.2
1933,Switzerland,CHE,Luzern,47.04554,8.308010000000001,1050.9
1934,Switzerland,CHE,Luzern,47.04554,8.308010000000001,933.4
1935,Switzerland,CHE,Luzern,47.04554,8.308010000000001,1207.3
1936,Switzerland,CHE,Luzern,47.04554,8.308010000000001,1233.1
1937,Switzerland,CHE,Luzern,47.04554,8.308010000000001,1112.4
1938,Switzerland,CHE,Luzern,47.04554,8.308010000000001,1031.3
1939,Switzerland,CHE,Luzern,47.04554,8.308010000000001,1220.9
1940,Switzerland,CHE,Luzern,47.04554,8.308010000000001,1375.1
1941,Switzerland,CHE,Luzern,47.04554,8.308010000000001,1022.1
1942,Switzerland,CHE,Luzern,47.04554,8.308010000000001,880.8
1943,Switzerland,CHE,Luzern,47.04554,8.308010000000001,804.0
1944,Switzerland,CHE,Luzern,47.04554,8.308010000000001,1225.7
1945,Switzerland,CHE,Luzern,47.04554,8.308010000000001,1089.8
1946,Switzerland,CHE,Luzern,47.04554,8.308010000000001,1112.7
1947,Switzerland,CHE,Luzern,47.04554,8.308010000000001,880.4
1948,Switzerland,CHE,Luzern,47.04554,8.308010000000001,973.0
1949,Switzerland,CHE,Luzern,47.04554,8.308010000000001,747.6
1950,Switzerland,CHE,Luzern,47.04554,8.308010000000001,1188.4
1951,Switzerland,CHE,Luzern,47.04554,8.308010000000001,1187.1
1952,Switzerland,CHE,Luzern,47.04554,8.308010000000001,1165.4
1953,Switzerland,CHE,Luzern,47.04554,8.308010000000001,1026.1
1954,Switzerland,CHE,Luzern,47.04554,8.308010000000001,1154.2
1955,Switzerland,CHE,Luzern,47.04554,8.308010000000001,1220.4
1956,Switzerland,CHE,Luzern,47.04554,8.308010000000001,1108.7
1957,Switzerland,CHE,Luzern,47.04554,8.308010000000001,1021.3
1958,Switzerland,CHE,Luzern,47.04554,8.308010000000001,1193.3
1959,Switzerland,CHE,Luzern,47.04554,8.308010000000001,971.7
1960,Switzerland,CHE,Luzern,47.04554,8.308010000000001,1339.1
1961,Switzerland,CHE,Luzern,47.04554,8.308010000000001,927.0
1962,Switzerland,CHE,Luzern,47.04554,8.308010000000001,1028.5
1963,Switzerland,CHE,Luzern,47.04554,8.308010000000001,1168.0
1964,Switzerland,CHE,Luzern,47.04554,8.308010000000001,988.1
1965,Switzerland,CHE,Luzern,47.04554,8.308010000000001,1459.4
1966,Switzerland,CHE,Luzern,47.04554,8.308010000000001,1158.6
1967,Switzerland,CHE,Luzern,47.04554,8.308010000000001,1048.5
1968,Switzerland,CHE,Luzern,47.04554,8.308010000000001,1154.2
1969,Switzerland,CHE,Luzern,47.04554,8.308010000000001,1049.6
1970,Switzerland,CHE,Luzern,47.04554,8.308010000000001,1250.6
1971,Switzerland,CHE,Luzern,47.04554,8.308010000000001,1047.0
1972,Switzerland,CHE,Luzern,47.04554,8.308010000000001,1134.4
1973,Switzerland,CHE,Luzern,47.04554,8.308010000000001,1136.0
1974,Switzerland,CHE,Luzern,47.04554,8.308010000000001,1153.4
1975,Switzerland,CHE,Luzern,47.04554,8.308010000000001,1183.3
1976,Switzerland,CHE,Luzern,47.04554,8.308010000000001,971.1
1977,Switzerland,CHE,Luzern,47.04554,8.308010000000001,1187.5
1978,Switzerland,CHE,Luzern,47.04554,8.308010000000001,1202.6
1979,Switzerland,CHE,Luzern,47.04554,8.308010000000001,1388.5
1980,Switzerland,CHE,Luzern,47.04554,8.308010000000001,1084.4
1981,Switzerland,CHE,Luzern,47.04554,8.308010000000001,1350.7
1982,Switzerland,CHE,Luzern,47.04554,8.308010000000001,1212.9
1983,Switzerland,CHE,Luzern,47.04554,8.308010000000001,943.1
1984,Switzerland,CHE,Luzern,47.04554,8.308010000000001,1002.5
1985,Switzerland,CHE,Luzern,47.04554,8.308010000000001,1053.8
1986,Switzerland,CHE,Luzern,47.04554,8.308010000000001,1154.4
1987,Switzerland,CHE,Luzern,47.04554,8.308010000000001,1174.5
1988,Switzerland,CHE,Luzern,47.04554,8.308010000000001,1182.4
1989,Switzerland,CHE,Luzern,47.04554,8.308010000000001,986.8
1990,Switzerland,CHE,Luzern,47.04554,8.308010000000001,1164.9
1991,Switzerland,CHE,Luzern,47.04554,8.308010000000001,957.4
1992,Switzerland,CHE,Luzern,47.04554,8.308010000000001,1178.2
1993,Switzerland,CHE,Luzern,47.04554,8.308010000000001,1243.1
1994,Switzerland,CHE,Luzern,47.04554,8.308010000000001,1191.7
1995,Switzerland,CHE,Luzern,47.04554,8.308010000000001,1342.6
1996,Switzerland,CHE,Luzern,47.04554,8.308010000000001,1138.2
1997,Switzerland,CHE,Luzern,47.04554,8.308010000000001,1122.0
1998,Switzerland,CHE,Luzern,47.04554,8.308010000000001,996.0
1999,Switzerland,CHE,Luzern,47.04554,8.308010000000001,1448.6
2000,Switzerland,CHE,Luzern,47.04554,8.308010000000001,1152.2
2001,Switzerland,CHE,Luzern,47.04554,8.308010000000001,1471.7
2002,Switzerland,CHE,Luzern,47.04554,8.308010000000001,1460.5
2003,Switzerland,CHE,Luzern,47.04554,8.308010000000001,957.4
2004,Switzerland,CHE,Luzern,47.04554,8.308010000000001,1084.9
2005,Switzerland,CHE,Luzern,47.04554,8.308010000000001,1140.4
2006,Switzerland,CHE,Luzern,47.04554,8.308010000000001,1202.4
2007,Switzerland,CHE,Luzern,47.04554,8.308010000000001,1261.7
2008,Switzerland,CHE,Luzern,47.04554,8.308010000000001,1179.1
2009,Switzerland,CHE,Luzern,47.04554,8.308010000000001,1067.6
2010,Switzerland,CHE,Luzern,47.04554,8.308010000000001,1360.6
2011,Switzerland,CHE,Luzern,47.04554,8.308010000000001,1120.8
2012,Switzerland,CHE,Luzern,47.04554,8.308010000000001,1305.9
2013,Switzerland,CHE,Luzern,47.04554,8.308010000000001,1212.4
2014,Switzerland,CHE,Luzern,47.04554,8.308010000000001,1418.2
2015,Switzerland,CHE,Luzern,47.04554,8.308010000000001,1123.4
2016,Switzerland,CHE,Luzern,47.04554,8.308010000000001,1422.8
2017,Switzerland,CHE,Luzern,47.04554,8.308010000000001,1244.9
2018,Switzerland,CHE,Luzern,47.04554,8.308010000000001,1061.8
2019,Switzerland,CHE,Luzern,47.04554,8.308010000000001,1131.5
1931,Switzerland,CHE,Neuenburg,48.84655,8.588410000000001,1019.2
1932,Switzerland,CHE,Neuenburg,48.84655,8.588410000000001,913.6
1933,Switzerland,CHE,Neuenburg,48.84655,8.588410000000001,790.2
1934,Switzerland,CHE,Neuenburg,48.84655,8.588410000000001,768.7
1935,Switzerland,CHE,Neuenburg,48.84655,8.588410000000001,1125.8
1936,Switzerland,CHE,Neuenburg,48.84655,8.588410000000001,904.1
1937,Switzerland,CHE,Neuenburg,48.84655,8.588410000000001,1117.7
1938,Switzerland,CHE,Neuenburg,48.84655,8.588410000000001,937.4
1939,Switzerland,CHE,Neuenburg,48.84655,8.588410000000001,1286.3
1940,Switzerland,CHE,Neuenburg,48.84655,8.588410000000001,1017.2
1941,Switzerland,CHE,Neuenburg,48.84655,8.588410000000001,759.1
1942,Switzerland,CHE,Neuenburg,48.84655,8.588410000000001,825.4
1943,Switzerland,CHE,Neuenburg,48.84655,8.588410000000001,819.1
1944,Switzerland,CHE,Neuenburg,48.84655,8.588410000000001,1043.1
1945,Switzerland,CHE,Neuenburg,48.84655,8.588410000000001,726.7
1946,Switzerland,CHE,Neuenburg,48.84655,8.588410000000001,939.0
1947,Switzerland,CHE,Neuenburg,48.84655,8.588410000000001,711.2
1948,Switzerland,CHE,Neuenburg,48.84655,8.588410000000001,910.6
1949,Switzerland,CHE,Neuenburg,48.84655,8.588410000000001,688.4
1950,Switzerland,CHE,Neuenburg,48.84655,8.588410000000001,1084.0
1951,Switzerland,CHE,Neuenburg,48.84655,8.588410000000001,928.4
1952,Switzerland,CHE,Neuenburg,48.84655,8.588410000000001,1155.4
1953,Switzerland,CHE,Neuenburg,48.84655,8.588410000000001,662.8
1954,Switzerland,CHE,Neuenburg,48.84655,8.588410000000001,960.1
1955,Switzerland,CHE,Neuenburg,48.84655,8.588410000000001,873.6
1956,Switzerland,CHE,Neuenburg,48.84655,8.588410000000001,931.5
1957,Switzerland,CHE,Neuenburg,48.84655,8.588410000000001,760.2
1958,Switzerland,CHE,Neuenburg,48.84655,8.588410000000001,876.3
1959,Switzerland,CHE,Neuenburg,48.84655,8.588410000000001,801.9
1960,Switzerland,CHE,Neuenburg,48.84655,8.588410000000001,969.9
1961,Switzerland,CHE,Neuenburg,48.84655,8.588410000000001,887.2
1962,Switzerland,CHE,Neuenburg,48.84655,8.588410000000001,785.6
1963,Switzerland,CHE,Neuenburg,48.84655,8.588410000000001,998.9
1964,Switzerland,CHE,Neuenburg,48.84655,8.588410000000001,589.8
1965,Switzerland,CHE,Neuenburg,48.84655,8.588410000000001,1275.9
1966,Switzerland,CHE,Neuenburg,48.84655,8.588410000000001,1025.7
1967,Switzerland,CHE,Neuenburg,48.84655,8.588410000000001,888.6
1968,Switzerland,CHE,Neuenburg,48.84655,8.588410000000001,1121.8
1969,Switzerland,CHE,Neuenburg,48.84655,8.588410000000001,920.4
1970,Switzerland,CHE,Neuenburg,48.84655,8.588410000000001,1039.1
1971,Switzerland,CHE,Neuenburg,48.84655,8.588410000000001,748.6
1972,Switzerland,CHE,Neuenburg,48.84655,8.588410000000001,724.8
1973,Switzerland,CHE,Neuenburg,48.84655,8.588410000000001,711.0
1974,Switzerland,CHE,Neuenburg,48.84655,8.588410000000001,893.6
1975,Switzerland,CHE,Neuenburg,48.84655,8.588410000000001,888.5
1976,Switzerland,CHE,Neuenburg,48.84655,8.588410000000001,682.5
1977,Switzerland,CHE,Neuenburg,48.84655,8.588410000000001,1244.8
1978,Switzerland,CHE,Neuenburg,48.84655,8.588410000000001,949.7
1979,Switzerland,CHE,Neuenburg,48.84655,8.588410000000001,1041.1
1980,Switzerland,CHE,Neuenburg,48.84655,8.588410000000001,967.9
1981,Switzerland,CHE,Neuenburg,48.84655,8.588410000000001,1072.4
1982,Switzerland,CHE,Neuenburg,48.84655,8.588410000000001,1080.4
1983,Switzerland,CHE,Neuenburg,48.84655,8.588410000000001,1041.6
1984,Switzerland,CHE,Neuenburg,48.84655,8.588410000000001,907.5
1985,Switzerland,CHE,Neuenburg,48.84655,8.588410000000001,841.2
1986,Switzerland,CHE,Neuenburg,48.84655,8.588410000000001,922.2
1987,Switzerland,CHE,Neuenburg,48.84655,8.588410000000001,1092.3
1988,Switzerland,CHE,Neuenburg,48.84655,8.588410000000001,1211.8
1989,Switzerland,CHE,Neuenburg,48.84655,8.588410000000001,658.9
1990,Switzerland,CHE,Neuenburg,48.84655,8.588410000000001,1046.3
1991,Switzerland,CHE,Neuenburg,48.84655,8.588410000000001,810.3
1992,Switzerland,CHE,Neuenburg,48.84655,8.588410000000001,987.9
1993,Switzerland,CHE,Neuenburg,48.84655,8.588410000000001,995.3
1994,Switzerland,CHE,Neuenburg,48.84655,8.588410000000001,974.7
1995,Switzerland,CHE,Neuenburg,48.84655,8.588410000000001,1029.1
1996,Switzerland,CHE,Neuenburg,48.84655,8.588410000000001,877.9
1997,Switzerland,CHE,Neuenburg,48.84655,8.588410000000001,984.6
1998,Switzerland,CHE,Neuenburg,48.84655,8.588410000000001,907.4
1999,Switzerland,CHE,Neuenburg,48.84655,8.588410000000001,1183.4
2000,Switzerland,CHE,Neuenburg,48.84655,8.588410000000001,905.8
2001,Switzerland,CHE,Neuenburg,48.84655,8.588410000000001,1162.8
2002,Switzerland,CHE,Neuenburg,48.84655,8.588410000000001,1134.0
2003,Switzerland,CHE,Neuenburg,48.84655,8.588410000000001,698.3
2004,Switzerland,CHE,Neuenburg,48.84655,8.588410000000001,1072.5
2005,Switzerland,CHE,Neuenburg,48.84655,8.588410000000001,728.8
2006,Switzerland,CHE,Neuenburg,48.84655,8.588410000000001,1236.7
2007,Switzerland,CHE,Neuenburg,48.84655,8.588410000000001,1301.8
2008,Switzerland,CHE,Neuenburg,48.84655,8.588410000000001,967.6
2009,Switzerland,CHE,Neuenburg,48.84655,8.588410000000001,780.0
2010,Switzerland,CHE,Neuenburg,48.84655,8.588410000000001,712.7
2011,Switzerland,CHE,Neuenburg,48.84655,8.588410000000001,710.3
2012,Switzerland,CHE,Neuenburg,48.84655,8.588410000000001,1124.4
2013,Switzerland,CHE,Neuenburg,48.84655,8.588410000000001,1037.3
2014,Switzerland,CHE,Neuenburg,48.84655,8.588410000000001,921.3
2015,Switzerland,CHE,Neuenburg,48.84655,8.588410000000001,766.5
2016,Switzerland,CHE,Neuenburg,48.84655,8.588410000000001,1087.9
2017,Switzerland,CHE,Neuenburg,48.84655,8.588410000000001,754.8
2018,Switzerland,CHE,Neuenburg,48.84655,8.588410000000001,889.1
2019,Switzerland,CHE,Neuenburg,48.84655,8.588410000000001,960.5
1931,Switzerland,CHE,Säntis,47.256459,9.317421000000001,2105.1
1932,Switzerland,CHE,Säntis,47.256459,9.317421000000001,2140.0
1933,Switzerland,CHE,Säntis,47.256459,9.317421000000001,2555.4
1934,Switzerland,CHE,Säntis,47.256459,9.317421000000001,1949.0
1935,Switzerland,CHE,Säntis,47.256459,9.317421000000001,2509.3
1936,Switzerland,CHE,Säntis,47.256459,9.317421000000001,2578.0
1937,Switzerland,CHE,Säntis,47.256459,9.317421000000001,2477.7
1938,Switzerland,CHE,Säntis,47.256459,9.317421000000001,2018.7
1939,Switzerland,CHE,Säntis,47.256459,9.317421000000001,2848.1
1940,Switzerland,CHE,Säntis,47.256459,9.317421000000001,3326.9
1941,Switzerland,CHE,Säntis,47.256459,9.317421000000001,2669.4
1942,Switzerland,CHE,Säntis,47.256459,9.317421000000001,2325.2
1943,Switzerland,CHE,Säntis,47.256459,9.317421000000001,2320.5
1944,Switzerland,CHE,Säntis,47.256459,9.317421000000001,3303.9
1945,Switzerland,CHE,Säntis,47.256459,9.317421000000001,2829.8
1946,Switzerland,CHE,Säntis,47.256459,9.317421000000001,2222.2
1947,Switzerland,CHE,Säntis,47.256459,9.317421000000001,2416.3
1948,Switzerland,CHE,Säntis,47.256459,9.317421000000001,2651.9
1949,Switzerland,CHE,Säntis,47.256459,9.317421000000001,1916.5
1950,Switzerland,CHE,Säntis,47.256459,9.317421000000001,2275.3
1951,Switzerland,CHE,Säntis,47.256459,9.317421000000001,2017.3
1952,Switzerland,CHE,Säntis,47.256459,9.317421000000001,3117.5
1953,Switzerland,CHE,Säntis,47.256459,9.317421000000001,1736.8
1954,Switzerland,CHE,Säntis,47.256459,9.317421000000001,2700.0
1955,Switzerland,CHE,Säntis,47.256459,9.317421000000001,2733.4
1956,Switzerland,CHE,Säntis,47.256459,9.317421000000001,2608.7
1957,Switzerland,CHE,Säntis,47.256459,9.317421000000001,2652.6
1958,Switzerland,CHE,Säntis,47.256459,9.317421000000001,2946.0
1959,Switzerland,CHE,Säntis,47.256459,9.317421000000001,1839.3
1960,Switzerland,CHE,Säntis,47.256459,9.317421000000001,2833.2
1961,Switzerland,CHE,Säntis,47.256459,9.317421000000001,2706.8
1962,Switzerland,CHE,Säntis,47.256459,9.317421000000001,2413.3
1963,Switzerland,CHE,Säntis,47.256459,9.317421000000001,2190.3
1964,Switzerland,CHE,Säntis,47.256459,9.317421000000001,2577.5
1965,Switzerland,CHE,Säntis,47.256459,9.317421000000001,3466.5
1966,Switzerland,CHE,Säntis,47.256459,9.317421000000001,3268.6
1967,Switzerland,CHE,Säntis,47.256459,9.317421000000001,2496.6
1968,Switzerland,CHE,Säntis,47.256459,9.317421000000001,2848.3
1969,Switzerland,CHE,Säntis,47.256459,9.317421000000001,2331.4
1970,Switzerland,CHE,Säntis,47.256459,9.317421000000001,3520.7
1971,Switzerland,CHE,Säntis,47.256459,9.317421000000001,2094.3
1972,Switzerland,CHE,Säntis,47.256459,9.317421000000001,2058.1
1973,Switzerland,CHE,Säntis,47.256459,9.317421000000001,3071.9
1974,Switzerland,CHE,Säntis,47.256459,9.317421000000001,2873.2
1975,Switzerland,CHE,Säntis,47.256459,9.317421000000001,2247.8
1976,Switzerland,CHE,Säntis,47.256459,9.317421000000001,2322.8
1977,Switzerland,CHE,Säntis,47.256459,9.317421000000001,2468.7
1978,Switzerland,CHE,Säntis,47.256459,9.317421000000001,2269.1
1979,Switzerland,CHE,Säntis,47.256459,9.317421000000001,2607.9
1980,Switzerland,CHE,Säntis,47.256459,9.317421000000001,2805.8
1981,Switzerland,CHE,Säntis,47.256459,9.317421000000001,3704.2
1982,Switzerland,CHE,Säntis,47.256459,9.317421000000001,2293.8
1983,Switzerland,CHE,Säntis,47.256459,9.317421000000001,2708.8
1984,Switzerland,CHE,Säntis,47.256459,9.317421000000001,2762.6
1985,Switzerland,CHE,Säntis,47.256459,9.317421000000001,2305.0
1986,Switzerland,CHE,Säntis,47.256459,9.317421000000001,3145.1
1987,Switzerland,CHE,Säntis,47.256459,9.317421000000001,2825.0
1988,Switzerland,CHE,Säntis,47.256459,9.317421000000001,3275.8
1989,Switzerland,CHE,Säntis,47.256459,9.317421000000001,2335.8
1990,Switzerland,CHE,Säntis,47.256459,9.317421000000001,3029.9
1991,Switzerland,CHE,Säntis,47.256459,9.317421000000001,2557.6
1992,Switzerland,CHE,Säntis,47.256459,9.317421000000001,2832.9
1993,Switzerland,CHE,Säntis,47.256459,9.317421000000001,2884.8
1994,Switzerland,CHE,Säntis,47.256459,9.317421000000001,3208.2
1995,Switzerland,CHE,Säntis,47.256459,9.317421000000001,3200.5
1996,Switzerland,CHE,Säntis,47.256459,9.317421000000001,2213.9
1997,Switzerland,CHE,Säntis,47.256459,9.317421000000001,2658.7
1998,Switzerland,CHE,Säntis,47.256459,9.317421000000001,3100.4
1999,Switzerland,CHE,Säntis,47.256459,9.317421000000001,3540.7
2000,Switzerland,CHE,Säntis,47.256459,9.317421000000001,3058.8
2001,Switzerland,CHE,Säntis,47.256459,9.317421000000001,3553.1
2002,Switzerland,CHE,Säntis,47.256459,9.317421000000001,3234.8
2003,Switzerland,CHE,Säntis,47.256459,9.317421000000001,2219.5
2004,Switzerland,CHE,Säntis,47.256459,9.317421000000001,2432.1
2005,Switzerland,CHE,Säntis,47.256459,9.317421000000001,2657.5
2006,Switzerland,CHE,Säntis,47.256459,9.317421000000001,2850.5
2007,Switzerland,CHE,Säntis,47.256459,9.317421000000001,3095.8
2008,Switzerland,CHE,Säntis,47.256459,9.317421000000001,2560.1
2009,Switzerland,CHE,Säntis,47.256459,9.317421000000001,2467.2
2010,Switzerland,CHE,Säntis,47.256459,9.317421000000001,2386.1
2011,Switzerland,CHE,Säntis,47.256459,9.317421000000001,2518.1
2012,Switzerland,CHE,Säntis,47.256459,9.317421000000001,2967.0
2013,Switzerland,CHE,Säntis,47.256459,9.317421000000001,2822.6
2014,Switzerland,CHE,Säntis,47.256459,9.317421000000001,2377.9
2015,Switzerland,CHE,Säntis,47.256459,9.317421000000001,2365.4
2016,Switzerland,CHE,Säntis,47.256459,9.317421000000001,2940.0
2017,Switzerland,CHE,Säntis,47.256459,9.317421000000001,3537.0
2018,Switzerland,CHE,Säntis,47.256459,9.317421000000001,2573.1
2019,Switzerland,CHE,Säntis,47.256459,9.317421000000001,3556.6
1931,Switzerland,CHE,Samedan,46.438365000000005,9.870266,644.8
1932,Switzerland,CHE,Samedan,46.438365000000005,9.870266,503.3
1933,Switzerland,CHE,Samedan,46.438365000000005,9.870266,649.2
1934,Switzerland,CHE,Samedan,46.438365000000005,9.870266,644.5
1935,Switzerland,CHE,Samedan,46.438365000000005,9.870266,757.2
1936,Switzerland,CHE,Samedan,46.438365000000005,9.870266,619.6
1937,Switzerland,CHE,Samedan,46.438365000000005,9.870266,838.2
1938,Switzerland,CHE,Samedan,46.438365000000005,9.870266,530.0
1939,Switzerland,CHE,Samedan,46.438365000000005,9.870266,715.7
1940,Switzerland,CHE,Samedan,46.438365000000005,9.870266,664.6
1941,Switzerland,CHE,Samedan,46.438365000000005,9.870266,505.8
1942,Switzerland,CHE,Samedan,46.438365000000005,9.870266,524.1
1943,Switzerland,CHE,Samedan,46.438365000000005,9.870266,490.6
1944,Switzerland,CHE,Samedan,46.438365000000005,9.870266,752.7
1945,Switzerland,CHE,Samedan,46.438365000000005,9.870266,587.4
1946,Switzerland,CHE,Samedan,46.438365000000005,9.870266,655.7
1947,Switzerland,CHE,Samedan,46.438365000000005,9.870266,581.4
1948,Switzerland,CHE,Samedan,46.438365000000005,9.870266,704.1
1949,Switzerland,CHE,Samedan,46.438365000000005,9.870266,477.7
1950,Switzerland,CHE,Samedan,46.438365000000005,9.870266,727.5
1951,Switzerland,CHE,Samedan,46.438365000000005,9.870266,857.0
1952,Switzerland,CHE,Samedan,46.438365000000005,9.870266,781.6
1953,Switzerland,CHE,Samedan,46.438365000000005,9.870266,551.9
1954,Switzerland,CHE,Samedan,46.438365000000005,9.870266,890.2
1955,Switzerland,CHE,Samedan,46.438365000000005,9.870266,490.1
1956,Switzerland,CHE,Samedan,46.438365000000005,9.870266,641.4
1957,Switzerland,CHE,Samedan,46.438365000000005,9.870266,675.3
1958,Switzerland,CHE,Samedan,46.438365000000005,9.870266,756.4
1959,Switzerland,CHE,Samedan,46.438365000000005,9.870266,478.2
1960,Switzerland,CHE,Samedan,46.438365000000005,9.870266,1077.0
1961,Switzerland,CHE,Samedan,46.438365000000005,9.870266,487.4
1962,Switzerland,CHE,Samedan,46.438365000000005,9.870266,461.4
1963,Switzerland,CHE,Samedan,46.438365000000005,9.870266,866.6
1964,Switzerland,CHE,Samedan,46.438365000000005,9.870266,557.3
1965,Switzerland,CHE,Samedan,46.438365000000005,9.870266,786.4
1966,Switzerland,CHE,Samedan,46.438365000000005,9.870266,803.5
1967,Switzerland,CHE,Samedan,46.438365000000005,9.870266,744.3
1968,Switzerland,CHE,Samedan,46.438365000000005,9.870266,775.0
1969,Switzerland,CHE,Samedan,46.438365000000005,9.870266,624.5
1970,Switzerland,CHE,Samedan,46.438365000000005,9.870266,736.4
1971,Switzerland,CHE,Samedan,46.438365000000005,9.870266,591.4
1972,Switzerland,CHE,Samedan,46.438365000000005,9.870266,585.8
1973,Switzerland,CHE,Samedan,46.438365000000005,9.870266,788.2
1974,Switzerland,CHE,Samedan,46.438365000000005,9.870266,610.2
1975,Switzerland,CHE,Samedan,46.438365000000005,9.870266,668.6
1976,Switzerland,CHE,Samedan,46.438365000000005,9.870266,742.0
1977,Switzerland,CHE,Samedan,46.438365000000005,9.870266,794.4
1978,Switzerland,CHE,Samedan,46.438365000000005,9.870266,601.7
1979,Switzerland,CHE,Samedan,46.438365000000005,9.870266,896.0
1980,Switzerland,CHE,Samedan,46.438365000000005,9.870266,638.2
1981,Switzerland,CHE,Samedan,46.438365000000005,9.870266,863.3
1982,Switzerland,CHE,Samedan,46.438365000000005,9.870266,809.1
1983,Switzerland,CHE,Samedan,46.438365000000005,9.870266,826.2
1984,Switzerland,CHE,Samedan,46.438365000000005,9.870266,617.8
1985,Switzerland,CHE,Samedan,46.438365000000005,9.870266,696.8
1986,Switzerland,CHE,Samedan,46.438365000000005,9.870266,685.4
1987,Switzerland,CHE,Samedan,46.438365000000005,9.870266,731.0
1988,Switzerland,CHE,Samedan,46.438365000000005,9.870266,724.9
1989,Switzerland,CHE,Samedan,46.438365000000005,9.870266,610.4
1990,Switzerland,CHE,Samedan,46.438365000000005,9.870266,688.0
1991,Switzerland,CHE,Samedan,46.438365000000005,9.870266,642.8
1992,Switzerland,CHE,Samedan,46.438365000000005,9.870266,731.7
1993,Switzerland,CHE,Samedan,46.438365000000005,9.870266,769.1
1994,Switzerland,CHE,Samedan,46.438365000000005,9.870266,703.3
1995,Switzerland,CHE,Samedan,46.438365000000005,9.870266,548.1
1996,Switzerland,CHE,Samedan,46.438365000000005,9.870266,795.3
1997,Switzerland,CHE,Samedan,46.438365000000005,9.870266,670.6
1998,Switzerland,CHE,Samedan,46.438365000000005,9.870266,670.6
1999,Switzerland,CHE,Samedan,46.438365000000005,9.870266,830.0
2000,Switzerland,CHE,Samedan,46.438365000000005,9.870266,973.1
2001,Switzerland,CHE,Samedan,46.438365000000005,9.870266,792.6
2002,Switzerland,CHE,Samedan,46.438365000000005,9.870266,973.2
2003,Switzerland,CHE,Samedan,46.438365000000005,9.870266,527.1
2004,Switzerland,CHE,Samedan,46.438365000000005,9.870266,593.2
2005,Switzerland,CHE,Samedan,46.438365000000005,9.870266,506.6
2006,Switzerland,CHE,Samedan,46.438365000000005,9.870266,518.2
2007,Switzerland,CHE,Samedan,46.438365000000005,9.870266,661.8
2008,Switzerland,CHE,Samedan,46.438365000000005,9.870266,942.0
2009,Switzerland,CHE,Samedan,46.438365000000005,9.870266,658.0
2010,Switzerland,CHE,Samedan,46.438365000000005,9.870266,631.3
2011,Switzerland,CHE,Samedan,46.438365000000005,9.870266,574.4
2012,Switzerland,CHE,Samedan,46.438365000000005,9.870266,699.4
2013,Switzerland,CHE,Samedan,46.438365000000005,9.870266,640.2
2014,Switzerland,CHE,Samedan,46.438365000000005,9.870266,957.0
2015,Switzerland,CHE,Samedan,46.438365000000005,9.870266,625.7
2016,Switzerland,CHE,Samedan,46.438365000000005,9.870266,749.7
2017,Switzerland,CHE,Samedan,46.438365000000005,9.870266,709.9
2018,Switzerland,CHE,Samedan,46.438365000000005,9.870266,664.9
2019,Switzerland,CHE,Samedan,46.438365000000005,9.870266,815.3
1931,Switzerland,CHE,Sitten,46.2276,7.3599429999999995,572.3
1932,Switzerland,CHE,Sitten,46.2276,7.3599429999999995,497.3
1933,Switzerland,CHE,Sitten,46.2276,7.3599429999999995,410.8
1934,Switzerland,CHE,Sitten,46.2276,7.3599429999999995,485.1
1935,Switzerland,CHE,Sitten,46.2276,7.3599429999999995,747.7
1936,Switzerland,CHE,Sitten,46.2276,7.3599429999999995,572.2
1937,Switzerland,CHE,Sitten,46.2276,7.3599429999999995,546.7
1938,Switzerland,CHE,Sitten,46.2276,7.3599429999999995,462.2
1939,Switzerland,CHE,Sitten,46.2276,7.3599429999999995,542.6
1940,Switzerland,CHE,Sitten,46.2276,7.3599429999999995,718.4
1941,Switzerland,CHE,Sitten,46.2276,7.3599429999999995,401.2
1942,Switzerland,CHE,Sitten,46.2276,7.3599429999999995,447.0
1943,Switzerland,CHE,Sitten,46.2276,7.3599429999999995,441.2
1944,Switzerland,CHE,Sitten,46.2276,7.3599429999999995,733.2
1945,Switzerland,CHE,Sitten,46.2276,7.3599429999999995,520.0
1946,Switzerland,CHE,Sitten,46.2276,7.3599429999999995,566.2
1947,Switzerland,CHE,Sitten,46.2276,7.3599429999999995,521.1
1948,Switzerland,CHE,Sitten,46.2276,7.3599429999999995,487.6
1949,Switzerland,CHE,Sitten,46.2276,7.3599429999999995,407.2
1950,Switzerland,CHE,Sitten,46.2276,7.3599429999999995,627.9
1951,Switzerland,CHE,Sitten,46.2276,7.3599429999999995,563.3
1952,Switzerland,CHE,Sitten,46.2276,7.3599429999999995,829.9
1953,Switzerland,CHE,Sitten,46.2276,7.3599429999999995,338.9
1954,Switzerland,CHE,Sitten,46.2276,7.3599429999999995,677.4
1955,Switzerland,CHE,Sitten,46.2276,7.3599429999999995,684.1
1956,Switzerland,CHE,Sitten,46.2276,7.3599429999999995,491.9
1957,Switzerland,CHE,Sitten,46.2276,7.3599429999999995,579.1
1958,Switzerland,CHE,Sitten,46.2276,7.3599429999999995,633.6
1959,Switzerland,CHE,Sitten,46.2276,7.3599429999999995,548.2
1960,Switzerland,CHE,Sitten,46.2276,7.3599429999999995,618.0
1961,Switzerland,CHE,Sitten,46.2276,7.3599429999999995,610.6
1962,Switzerland,CHE,Sitten,46.2276,7.3599429999999995,536.8
1963,Switzerland,CHE,Sitten,46.2276,7.3599429999999995,547.0
1964,Switzerland,CHE,Sitten,46.2276,7.3599429999999995,431.5
1965,Switzerland,CHE,Sitten,46.2276,7.3599429999999995,833.3
1966,Switzerland,CHE,Sitten,46.2276,7.3599429999999995,588.9
1967,Switzerland,CHE,Sitten,46.2276,7.3599429999999995,527.6
1968,Switzerland,CHE,Sitten,46.2276,7.3599429999999995,671.1
1969,Switzerland,CHE,Sitten,46.2276,7.3599429999999995,525.3
1970,Switzerland,CHE,Sitten,46.2276,7.3599429999999995,669.7
1971,Switzerland,CHE,Sitten,46.2276,7.3599429999999995,539.3
1972,Switzerland,CHE,Sitten,46.2276,7.3599429999999995,427.2
1973,Switzerland,CHE,Sitten,46.2276,7.3599429999999995,505.1
1974,Switzerland,CHE,Sitten,46.2276,7.3599429999999995,717.2
1975,Switzerland,CHE,Sitten,46.2276,7.3599429999999995,431.9
1976,Switzerland,CHE,Sitten,46.2276,7.3599429999999995,487.8
1977,Switzerland,CHE,Sitten,46.2276,7.3599429999999995,686.8
1978,Switzerland,CHE,Sitten,46.2276,7.3599429999999995,613.0
1979,Switzerland,CHE,Sitten,46.2276,7.3599429999999995,697.0
1980,Switzerland,CHE,Sitten,46.2276,7.3599429999999995,647.6
1981,Switzerland,CHE,Sitten,46.2276,7.3599429999999995,704.1
1982,Switzerland,CHE,Sitten,46.2276,7.3599429999999995,595.6
1983,Switzerland,CHE,Sitten,46.2276,7.3599429999999995,580.4
1984,Switzerland,CHE,Sitten,46.2276,7.3599429999999995,493.9
1985,Switzerland,CHE,Sitten,46.2276,7.3599429999999995,649.0
1986,Switzerland,CHE,Sitten,46.2276,7.3599429999999995,631.8
1987,Switzerland,CHE,Sitten,46.2276,7.3599429999999995,617.2
1988,Switzerland,CHE,Sitten,46.2276,7.3599429999999995,639.9
1989,Switzerland,CHE,Sitten,46.2276,7.3599429999999995,435.2
1990,Switzerland,CHE,Sitten,46.2276,7.3599429999999995,892.0
1991,Switzerland,CHE,Sitten,46.2276,7.3599429999999995,533.6
1992,Switzerland,CHE,Sitten,46.2276,7.3599429999999995,720.3
1993,Switzerland,CHE,Sitten,46.2276,7.3599429999999995,619.0
1994,Switzerland,CHE,Sitten,46.2276,7.3599429999999995,671.0
1995,Switzerland,CHE,Sitten,46.2276,7.3599429999999995,756.7
1996,Switzerland,CHE,Sitten,46.2276,7.3599429999999995,554.6
1997,Switzerland,CHE,Sitten,46.2276,7.3599429999999995,551.0
1998,Switzerland,CHE,Sitten,46.2276,7.3599429999999995,486.3
1999,Switzerland,CHE,Sitten,46.2276,7.3599429999999995,786.7
2000,Switzerland,CHE,Sitten,46.2276,7.3599429999999995,515.8
2001,Switzerland,CHE,Sitten,46.2276,7.3599429999999995,649.9
2002,Switzerland,CHE,Sitten,46.2276,7.3599429999999995,689.7
2003,Switzerland,CHE,Sitten,46.2276,7.3599429999999995,426.6
2004,Switzerland,CHE,Sitten,46.2276,7.3599429999999995,477.0
2005,Switzerland,CHE,Sitten,46.2276,7.3599429999999995,499.6
2006,Switzerland,CHE,Sitten,46.2276,7.3599429999999995,604.4
2007,Switzerland,CHE,Sitten,46.2276,7.3599429999999995,757.4
2008,Switzerland,CHE,Sitten,46.2276,7.3599429999999995,561.3
2009,Switzerland,CHE,Sitten,46.2276,7.3599429999999995,516.0
2010,Switzerland,CHE,Sitten,46.2276,7.3599429999999995,480.0
2011,Switzerland,CHE,Sitten,46.2276,7.3599429999999995,484.5
2012,Switzerland,CHE,Sitten,46.2276,7.3599429999999995,614.7
2013,Switzerland,CHE,Sitten,46.2276,7.3599429999999995,567.7
2014,Switzerland,CHE,Sitten,46.2276,7.3599429999999995,529.7
2015,Switzerland,CHE,Sitten,46.2276,7.3599429999999995,500.1
2016,Switzerland,CHE,Sitten,46.2276,7.3599429999999995,586.5
2017,Switzerland,CHE,Sitten,46.2276,7.3599429999999995,565.3
2018,Switzerland,CHE,Sitten,46.2276,7.3599429999999995,633.1
2019,Switzerland,CHE,Sitten,46.2276,7.3599429999999995,607.5
1931,Switzerland,CHE,St. Gallen,47.424479999999996,9.376717,1412.2
1932,Switzerland,CHE,St. Gallen,47.424479999999996,9.376717,1354.6
1933,Switzerland,CHE,St. Gallen,47.424479999999996,9.376717,1279.9
1934,Switzerland,CHE,St. Gallen,47.424479999999996,9.376717,1291.7
1935,Switzerland,CHE,St. Gallen,47.424479999999996,9.376717,1415.6
1936,Switzerland,CHE,St. Gallen,47.424479999999996,9.376717,1308.0
1937,Switzerland,CHE,St. Gallen,47.424479999999996,9.376717,1347.3
1938,Switzerland,CHE,St. Gallen,47.424479999999996,9.376717,1336.1
1939,Switzerland,CHE,St. Gallen,47.424479999999996,9.376717,1492.5
1940,Switzerland,CHE,St. Gallen,47.424479999999996,9.376717,1628.9
1941,Switzerland,CHE,St. Gallen,47.424479999999996,9.376717,1241.8
1942,Switzerland,CHE,St. Gallen,47.424479999999996,9.376717,1136.4
1943,Switzerland,CHE,St. Gallen,47.424479999999996,9.376717,883.0
1944,Switzerland,CHE,St. Gallen,47.424479999999996,9.376717,1428.5
1945,Switzerland,CHE,St. Gallen,47.424479999999996,9.376717,1299.9
1946,Switzerland,CHE,St. Gallen,47.424479999999996,9.376717,1159.0
1947,Switzerland,CHE,St. Gallen,47.424479999999996,9.376717,1084.8
1948,Switzerland,CHE,St. Gallen,47.424479999999996,9.376717,1208.8
1949,Switzerland,CHE,St. Gallen,47.424479999999996,9.376717,1000.4
1950,Switzerland,CHE,St. Gallen,47.424479999999996,9.376717,1223.6
1951,Switzerland,CHE,St. Gallen,47.424479999999996,9.376717,1328.4
1952,Switzerland,CHE,St. Gallen,47.424479999999996,9.376717,1484.9
1953,Switzerland,CHE,St. Gallen,47.424479999999996,9.376717,1130.1
1954,Switzerland,CHE,St. Gallen,47.424479999999996,9.376717,1476.1
1955,Switzerland,CHE,St. Gallen,47.424479999999996,9.376717,1503.9
1956,Switzerland,CHE,St. Gallen,47.424479999999996,9.376717,1465.3
1957,Switzerland,CHE,St. Gallen,47.424479999999996,9.376717,1288.6
1958,Switzerland,CHE,St. Gallen,47.424479999999996,9.376717,1390.0
1959,Switzerland,CHE,St. Gallen,47.424479999999996,9.376717,1105.3
1960,Switzerland,CHE,St. Gallen,47.424479999999996,9.376717,1414.6
1961,Switzerland,CHE,St. Gallen,47.424479999999996,9.376717,1172.7
1962,Switzerland,CHE,St. Gallen,47.424479999999996,9.376717,1206.8
1963,Switzerland,CHE,St. Gallen,47.424479999999996,9.376717,1215.4
1964,Switzerland,CHE,St. Gallen,47.424479999999996,9.376717,1207.3
1965,Switzerland,CHE,St. Gallen,47.424479999999996,9.376717,1500.6
1966,Switzerland,CHE,St. Gallen,47.424479999999996,9.376717,1487.3
1967,Switzerland,CHE,St. Gallen,47.424479999999996,9.376717,1337.0
1968,Switzerland,CHE,St. Gallen,47.424479999999996,9.376717,1243.6
1969,Switzerland,CHE,St. Gallen,47.424479999999996,9.376717,1207.7
1970,Switzerland,CHE,St. Gallen,47.424479999999996,9.376717,1415.8
1971,Switzerland,CHE,St. Gallen,47.424479999999996,9.376717,1063.1
1972,Switzerland,CHE,St. Gallen,47.424479999999996,9.376717,1147.7
1973,Switzerland,CHE,St. Gallen,47.424479999999996,9.376717,1236.5
1974,Switzerland,CHE,St. Gallen,47.424479999999996,9.376717,1375.8
1975,Switzerland,CHE,St. Gallen,47.424479999999996,9.376717,1390.0
1976,Switzerland,CHE,St. Gallen,47.424479999999996,9.376717,1083.2
1977,Switzerland,CHE,St. Gallen,47.424479999999996,9.376717,1430.9
1978,Switzerland,CHE,St. Gallen,47.424479999999996,9.376717,1322.0
1979,Switzerland,CHE,St. Gallen,47.424479999999996,9.376717,1432.0
1980,Switzerland,CHE,St. Gallen,47.424479999999996,9.376717,1260.6
1981,Switzerland,CHE,St. Gallen,47.424479999999996,9.376717,1425.7
1982,Switzerland,CHE,St. Gallen,47.424479999999996,9.376717,1254.6
1983,Switzerland,CHE,St. Gallen,47.424479999999996,9.376717,1169.4
1984,Switzerland,CHE,St. Gallen,47.424479999999996,9.376717,1410.1
1985,Switzerland,CHE,St. Gallen,47.424479999999996,9.376717,1191.7
1986,Switzerland,CHE,St. Gallen,47.424479999999996,9.376717,1413.1
1987,Switzerland,CHE,St. Gallen,47.424479999999996,9.376717,1422.9
1988,Switzerland,CHE,St. Gallen,47.424479999999996,9.376717,1441.6
1989,Switzerland,CHE,St. Gallen,47.424479999999996,9.376717,1177.3
1990,Switzerland,CHE,St. Gallen,47.424479999999996,9.376717,1287.2
1991,Switzerland,CHE,St. Gallen,47.424479999999996,9.376717,1150.8
1992,Switzerland,CHE,St. Gallen,47.424479999999996,9.376717,1260.1
1993,Switzerland,CHE,St. Gallen,47.424479999999996,9.376717,1351.3
1994,Switzerland,CHE,St. Gallen,47.424479999999996,9.376717,1330.1
1995,Switzerland,CHE,St. Gallen,47.424479999999996,9.376717,1470.4
1996,Switzerland,CHE,St. Gallen,47.424479999999996,9.376717,1337.8
1997,Switzerland,CHE,St. Gallen,47.424479999999996,9.376717,1009.2
1998,Switzerland,CHE,St. Gallen,47.424479999999996,9.376717,1365.9
1999,Switzerland,CHE,St. Gallen,47.424479999999996,9.376717,1632.3
2000,Switzerland,CHE,St. Gallen,47.424479999999996,9.376717,1454.9
2001,Switzerland,CHE,St. Gallen,47.424479999999996,9.376717,1371.5
2002,Switzerland,CHE,St. Gallen,47.424479999999996,9.376717,1708.2
2003,Switzerland,CHE,St. Gallen,47.424479999999996,9.376717,1018.4
2004,Switzerland,CHE,St. Gallen,47.424479999999996,9.376717,1307.6
2005,Switzerland,CHE,St. Gallen,47.424479999999996,9.376717,1216.8
2006,Switzerland,CHE,St. Gallen,47.424479999999996,9.376717,1273.7
2007,Switzerland,CHE,St. Gallen,47.424479999999996,9.376717,1128.9
2008,Switzerland,CHE,St. Gallen,47.424479999999996,9.376717,1372.9
2009,Switzerland,CHE,St. Gallen,47.424479999999996,9.376717,1245.9
2010,Switzerland,CHE,St. Gallen,47.424479999999996,9.376717,1512.5
2011,Switzerland,CHE,St. Gallen,47.424479999999996,9.376717,1241.6
2012,Switzerland,CHE,St. Gallen,47.424479999999996,9.376717,1549.1
2013,Switzerland,CHE,St. Gallen,47.424479999999996,9.376717,1467.6
2014,Switzerland,CHE,St. Gallen,47.424479999999996,9.376717,1344.6
2015,Switzerland,CHE,St. Gallen,47.424479999999996,9.376717,1335.8
2016,Switzerland,CHE,St. Gallen,47.424479999999996,9.376717,1483.6
2017,Switzerland,CHE,St. Gallen,47.424479999999996,9.376717,1561.0
2018,Switzerland,CHE,St. Gallen,47.424479999999996,9.376717,1259.6
2019,Switzerland,CHE,St. Gallen,47.424479999999996,9.376717,1469.1
1931,Switzerland,CHE,Zürich-Fluntern,47.382096999999995,8.566803,1229.1
1932,Switzerland,CHE,Zürich-Fluntern,47.382096999999995,8.566803,991.1
1933,Switzerland,CHE,Zürich-Fluntern,47.382096999999995,8.566803,1029.7
1934,Switzerland,CHE,Zürich-Fluntern,47.382096999999995,8.566803,966.3
1935,Switzerland,CHE,Zürich-Fluntern,47.382096999999995,8.566803,1196.7
1936,Switzerland,CHE,Zürich-Fluntern,47.382096999999995,8.566803,1249.4
1937,Switzerland,CHE,Zürich-Fluntern,47.382096999999995,8.566803,1063.5
1938,Switzerland,CHE,Zürich-Fluntern,47.382096999999995,8.566803,1046.1
1939,Switzerland,CHE,Zürich-Fluntern,47.382096999999995,8.566803,1358.4
1940,Switzerland,CHE,Zürich-Fluntern,47.382096999999995,8.566803,1370.3
1941,Switzerland,CHE,Zürich-Fluntern,47.382096999999995,8.566803,1006.3
1942,Switzerland,CHE,Zürich-Fluntern,47.382096999999995,8.566803,926.3
1943,Switzerland,CHE,Zürich-Fluntern,47.382096999999995,8.566803,763.1
1944,Switzerland,CHE,Zürich-Fluntern,47.382096999999995,8.566803,1087.2
1945,Switzerland,CHE,Zürich-Fluntern,47.382096999999995,8.566803,1012.1
1946,Switzerland,CHE,Zürich-Fluntern,47.382096999999995,8.566803,1094.8
1947,Switzerland,CHE,Zürich-Fluntern,47.382096999999995,8.566803,874.8
1948,Switzerland,CHE,Zürich-Fluntern,47.382096999999995,8.566803,889.2
1949,Switzerland,CHE,Zürich-Fluntern,47.382096999999995,8.566803,646.7
1950,Switzerland,CHE,Zürich-Fluntern,47.382096999999995,8.566803,1052.7
1951,Switzerland,CHE,Zürich-Fluntern,47.382096999999995,8.566803,1076.8
1952,Switzerland,CHE,Zürich-Fluntern,47.382096999999995,8.566803,1261.5
1953,Switzerland,CHE,Zürich-Fluntern,47.382096999999995,8.566803,844.4
1954,Switzerland,CHE,Zürich-Fluntern,47.382096999999995,8.566803,1117.5
1955,Switzerland,CHE,Zürich-Fluntern,47.382096999999995,8.566803,1087.8
1956,Switzerland,CHE,Zürich-Fluntern,47.382096999999995,8.566803,1137.6
1957,Switzerland,CHE,Zürich-Fluntern,47.382096999999995,8.566803,987.7
1958,Switzerland,CHE,Zürich-Fluntern,47.382096999999995,8.566803,1348.3
1959,Switzerland,CHE,Zürich-Fluntern,47.382096999999995,8.566803,878.4
1960,Switzerland,CHE,Zürich-Fluntern,47.382096999999995,8.566803,1226.2
1961,Switzerland,CHE,Zürich-Fluntern,47.382096999999995,8.566803,898.2
1962,Switzerland,CHE,Zürich-Fluntern,47.382096999999995,8.566803,930.7
1963,Switzerland,CHE,Zürich-Fluntern,47.382096999999995,8.566803,973.5
1964,Switzerland,CHE,Zürich-Fluntern,47.382096999999995,8.566803,916.2
1965,Switzerland,CHE,Zürich-Fluntern,47.382096999999995,8.566803,1447.0
1966,Switzerland,CHE,Zürich-Fluntern,47.382096999999995,8.566803,1231.9
1967,Switzerland,CHE,Zürich-Fluntern,47.382096999999995,8.566803,1026.6
1968,Switzerland,CHE,Zürich-Fluntern,47.382096999999995,8.566803,1086.6
1969,Switzerland,CHE,Zürich-Fluntern,47.382096999999995,8.566803,894.5
1970,Switzerland,CHE,Zürich-Fluntern,47.382096999999995,8.566803,1331.5
1971,Switzerland,CHE,Zürich-Fluntern,47.382096999999995,8.566803,903.0
1972,Switzerland,CHE,Zürich-Fluntern,47.382096999999995,8.566803,950.7
1973,Switzerland,CHE,Zürich-Fluntern,47.382096999999995,8.566803,1052.2
1974,Switzerland,CHE,Zürich-Fluntern,47.382096999999995,8.566803,1089.3
1975,Switzerland,CHE,Zürich-Fluntern,47.382096999999995,8.566803,1151.2
1976,Switzerland,CHE,Zürich-Fluntern,47.382096999999995,8.566803,910.0
1977,Switzerland,CHE,Zürich-Fluntern,47.382096999999995,8.566803,1097.5
1978,Switzerland,CHE,Zürich-Fluntern,47.382096999999995,8.566803,1204.6
1979,Switzerland,CHE,Zürich-Fluntern,47.382096999999995,8.566803,1184.2
1980,Switzerland,CHE,Zürich-Fluntern,47.382096999999995,8.566803,1027.3
1981,Switzerland,CHE,Zürich-Fluntern,47.382096999999995,8.566803,1289.6
1982,Switzerland,CHE,Zürich-Fluntern,47.382096999999995,8.566803,1171.9
1983,Switzerland,CHE,Zürich-Fluntern,47.382096999999995,8.566803,875.9
1984,Switzerland,CHE,Zürich-Fluntern,47.382096999999995,8.566803,993.9
1985,Switzerland,CHE,Zürich-Fluntern,47.382096999999995,8.566803,959.6
1986,Switzerland,CHE,Zürich-Fluntern,47.382096999999995,8.566803,1204.3
1987,Switzerland,CHE,Zürich-Fluntern,47.382096999999995,8.566803,1215.2
1988,Switzerland,CHE,Zürich-Fluntern,47.382096999999995,8.566803,1414.6
1989,Switzerland,CHE,Zürich-Fluntern,47.382096999999995,8.566803,950.1
1990,Switzerland,CHE,Zürich-Fluntern,47.382096999999995,8.566803,1188.2
1991,Switzerland,CHE,Zürich-Fluntern,47.382096999999995,8.566803,924.1
1992,Switzerland,CHE,Zürich-Fluntern,47.382096999999995,8.566803,1078.5
1993,Switzerland,CHE,Zürich-Fluntern,47.382096999999995,8.566803,1173.6
1994,Switzerland,CHE,Zürich-Fluntern,47.382096999999995,8.566803,1171.9
1995,Switzerland,CHE,Zürich-Fluntern,47.382096999999995,8.566803,1323.3
1996,Switzerland,CHE,Zürich-Fluntern,47.382096999999995,8.566803,1003.7
1997,Switzerland,CHE,Zürich-Fluntern,47.382096999999995,8.566803,985.9
1998,Switzerland,CHE,Zürich-Fluntern,47.382096999999995,8.566803,1043.8
1999,Switzerland,CHE,Zürich-Fluntern,47.382096999999995,8.566803,1549.0
2000,Switzerland,CHE,Zürich-Fluntern,47.382096999999995,8.566803,1156.7
2001,Switzerland,CHE,Zürich-Fluntern,47.382096999999995,8.566803,1482.9
2002,Switzerland,CHE,Zürich-Fluntern,47.382096999999995,8.566803,1275.8
2003,Switzerland,CHE,Zürich-Fluntern,47.382096999999995,8.566803,859.2
2004,Switzerland,CHE,Zürich-Fluntern,47.382096999999995,8.566803,1071.0
2005,Switzerland,CHE,Zürich-Fluntern,47.382096999999995,8.566803,1041.9
2006,Switzerland,CHE,Zürich-Fluntern,47.382096999999995,8.566803,1134.5
2007,Switzerland,CHE,Zürich-Fluntern,47.382096999999995,8.566803,1152.9
2008,Switzerland,CHE,Zürich-Fluntern,47.382096999999995,8.566803,1212.7
2009,Switzerland,CHE,Zürich-Fluntern,47.382096999999995,8.566803,1098.3
2010,Switzerland,CHE,Zürich-Fluntern,47.382096999999995,8.566803,1001.5
2011,Switzerland,CHE,Zürich-Fluntern,47.382096999999995,8.566803,913.5
2012,Switzerland,CHE,Zürich-Fluntern,47.382096999999995,8.566803,1291.7
2013,Switzerland,CHE,Zürich-Fluntern,47.382096999999995,8.566803,1093.8
2014,Switzerland,CHE,Zürich-Fluntern,47.382096999999995,8.566803,1076.4
2015,Switzerland,CHE,Zürich-Fluntern,47.382096999999995,8.566803,918.0
2016,Switzerland,CHE,Zürich-Fluntern,47.382096999999995,8.566803,1296.8
2017,Switzerland,CHE,Zürich-Fluntern,47.382096999999995,8.566803,1106.7
2018,Switzerland,CHE,Zürich-Fluntern,47.382096999999995,8.566803,897.3
2019,Switzerland,CHE,Zürich-Fluntern,47.382096999999995,8.566803,1041.2
