Year,Country,alpha_3,Region,Latitude,Longitude,Sonnenscheindauer
1931,Switzerland,CHE,Davos,46.802746,9.83597,1767.6
1932,Switzerland,CHE,Davos,46.802746,9.83597,1770.6
1933,Switzerland,CHE,Davos,46.802746,9.83597,1647.9
1934,Switzerland,CHE,Davos,46.802746,9.83597,1826.2
1935,Switzerland,CHE,Davos,46.802746,9.83597,1592.0
1936,Switzerland,CHE,Davos,46.802746,9.83597,1477.2
1937,Switzerland,CHE,Davos,46.802746,9.83597,1418.5
1938,Switzerland,CHE,Davos,46.802746,9.83597,1747.6
1939,Switzerland,CHE,Davos,46.802746,9.83597,1457.5
1940,Switzerland,CHE,Davos,46.802746,9.83597,1573.0
1941,Switzerland,CHE,Davos,46.802746,9.83597,1644.3
1942,Switzerland,CHE,Davos,46.802746,9.83597,1773.5
1943,Switzerland,CHE,Davos,46.802746,9.83597,1788.5
1944,Switzerland,CHE,Davos,46.802746,9.83597,1558.8
1945,Switzerland,CHE,Davos,46.802746,9.83597,1786.0
1946,Switzerland,CHE,Davos,46.802746,9.83597,1693.6
1947,Switzerland,CHE,Davos,46.802746,9.83597,1789.5
1948,Switzerland,CHE,Davos,46.802746,9.83597,1762.4
1949,Switzerland,CHE,Davos,46.802746,9.83597,1851.6
1950,Switzerland,CHE,Davos,46.802746,9.83597,1696.0
1951,Switzerland,CHE,Davos,46.802746,9.83597,1558.9
1952,Switzerland,CHE,Davos,46.802746,9.83597,1527.6
1953,Switzerland,CHE,Davos,46.802746,9.83597,1762.2
1954,Switzerland,CHE,Davos,46.802746,9.83597,1392.8
1955,Switzerland,CHE,Davos,46.802746,9.83597,1601.9
1956,Switzerland,CHE,Davos,46.802746,9.83597,1654.0
1957,Switzerland,CHE,Davos,46.802746,9.83597,1697.0
1958,Switzerland,CHE,Davos,46.802746,9.83597,1683.3
1959,Switzerland,CHE,Davos,46.802746,9.83597,1753.2
1960,Switzerland,CHE,Davos,46.802746,9.83597,1536.8
1961,Switzerland,CHE,Davos,46.802746,9.83597,1853.6
1962,Switzerland,CHE,Davos,46.802746,9.83597,1915.3
1963,Switzerland,CHE,Davos,46.802746,9.83597,1630.6
1964,Switzerland,CHE,Davos,46.802746,9.83597,1714.3
1965,Switzerland,CHE,Davos,46.802746,9.83597,1500.6
1966,Switzerland,CHE,Davos,46.802746,9.83597,1572.9
1967,Switzerland,CHE,Davos,46.802746,9.83597,1759.9
1968,Switzerland,CHE,Davos,46.802746,9.83597,1712.2
1969,Switzerland,CHE,Davos,46.802746,9.83597,1712.5
1970,Switzerland,CHE,Davos,46.802746,9.83597,1589.9
1971,Switzerland,CHE,Davos,46.802746,9.83597,1932.7
1972,Switzerland,CHE,Davos,46.802746,9.83597,1652.9
1973,Switzerland,CHE,Davos,46.802746,9.83597,1692.0
1974,Switzerland,CHE,Davos,46.802746,9.83597,1578.2
1975,Switzerland,CHE,Davos,46.802746,9.83597,1791.6
1976,Switzerland,CHE,Davos,46.802746,9.83597,1769.2
1977,Switzerland,CHE,Davos,46.802746,9.83597,1470.5
1978,Switzerland,CHE,Davos,46.802746,9.83597,1584.3
1979,Switzerland,CHE,Davos,46.802746,9.83597,1542.7
1980,Switzerland,CHE,Davos,46.802746,9.83597,1480.4
1981,Switzerland,CHE,Davos,46.802746,9.83597,1395.9
1982,Switzerland,CHE,Davos,46.802746,9.83597,1603.15
1983,Switzerland,CHE,Davos,46.802746,9.83597,1613.3833333333334
1984,Switzerland,CHE,Davos,46.802746,9.83597,1622.1
1985,Switzerland,CHE,Davos,46.802746,9.83597,1878.85
1986,Switzerland,CHE,Davos,46.802746,9.83597,1824.95
1987,Switzerland,CHE,Davos,46.802746,9.83597,1604.1166666666666
1988,Switzerland,CHE,Davos,46.802746,9.83597,1559.6666666666667
1989,Switzerland,CHE,Davos,46.802746,9.83597,1822.15
1990,Switzerland,CHE,Davos,46.802746,9.83597,1758.7166666666667
1991,Switzerland,CHE,Davos,46.802746,9.83597,1802.6666666666667
1992,Switzerland,CHE,Davos,46.802746,9.83597,1702.4833333333333
1993,Switzerland,CHE,Davos,46.802746,9.83597,1617.6333333333334
1994,Switzerland,CHE,Davos,46.802746,9.83597,1603.0166666666667
1995,Switzerland,CHE,Davos,46.802746,9.83597,1564.5166666666667
1996,Switzerland,CHE,Davos,46.802746,9.83597,1675.1666666666667
1997,Switzerland,CHE,Davos,46.802746,9.83597,1774.7833333333333
1998,Switzerland,CHE,Davos,46.802746,9.83597,1708.1166666666666
1999,Switzerland,CHE,Davos,46.802746,9.83597,1573.6666666666667
2000,Switzerland,CHE,Davos,46.802746,9.83597,1626.6833333333334
2001,Switzerland,CHE,Davos,46.802746,9.83597,1640.2333333333333
2002,Switzerland,CHE,Davos,46.802746,9.83597,1622.2333333333333
2003,Switzerland,CHE,Davos,46.802746,9.83597,2082.55
2004,Switzerland,CHE,Davos,46.802746,9.83597,1645.5333333333333
2005,Switzerland,CHE,Davos,46.802746,9.83597,1765.7
2006,Switzerland,CHE,Davos,46.802746,9.83597,1876.9666666666667
2007,Switzerland,CHE,Davos,46.802746,9.83597,1803.4166666666667
2008,Switzerland,CHE,Davos,46.802746,9.83597,1717.9833333333333
2009,Switzerland,CHE,Davos,46.802746,9.83597,1716.35
2010,Switzerland,CHE,Davos,46.802746,9.83597,1617.0833333333333
2011,Switzerland,CHE,Davos,46.802746,9.83597,1997.05
2012,Switzerland,CHE,Davos,46.802746,9.83597,1771.1666666666667
2013,Switzerland,CHE,Davos,46.802746,9.83597,1624.7666666666667
2014,Switzerland,CHE,Davos,46.802746,9.83597,1536.7666666666667
2015,Switzerland,CHE,Davos,46.802746,9.83597,1892.0166666666667
2016,Switzerland,CHE,Davos,46.802746,9.83597,1649.0
2017,Switzerland,CHE,Davos,46.802746,9.83597,1790.3833333333334
2018,Switzerland,CHE,Davos,46.802746,9.83597,1807.8333333333333
2019,Switzerland,CHE,Davos,46.802746,9.83597,1756.7666666666667
1931,Switzerland,CHE,Locarno-Monti,46.170978999999996,8.79112,
1932,Switzerland,CHE,Locarno-Monti,46.170978999999996,8.79112,
1933,Switzerland,CHE,Locarno-Monti,46.170978999999996,8.79112,
1934,Switzerland,CHE,Locarno-Monti,46.170978999999996,8.79112,
1935,Switzerland,CHE,Locarno-Monti,46.170978999999996,8.79112,
1936,Switzerland,CHE,Locarno-Monti,46.170978999999996,8.79112,2040.3
1937,Switzerland,CHE,Locarno-Monti,46.170978999999996,8.79112,2203.0
1938,Switzerland,CHE,Locarno-Monti,46.170978999999996,8.79112,2437.9
1939,Switzerland,CHE,Locarno-Monti,46.170978999999996,8.79112,2011.9
1940,Switzerland,CHE,Locarno-Monti,46.170978999999996,8.79112,2298.8
1941,Switzerland,CHE,Locarno-Monti,46.170978999999996,8.79112,2242.9
1942,Switzerland,CHE,Locarno-Monti,46.170978999999996,8.79112,2272.5
1943,Switzerland,CHE,Locarno-Monti,46.170978999999996,8.79112,2464.7
1944,Switzerland,CHE,Locarno-Monti,46.170978999999996,8.79112,2375.8
1945,Switzerland,CHE,Locarno-Monti,46.170978999999996,8.79112,2740.8
1946,Switzerland,CHE,Locarno-Monti,46.170978999999996,8.79112,2188.1
1947,Switzerland,CHE,Locarno-Monti,46.170978999999996,8.79112,2309.1
1948,Switzerland,CHE,Locarno-Monti,46.170978999999996,8.79112,2350.1
1949,Switzerland,CHE,Locarno-Monti,46.170978999999996,8.79112,2549.5
1950,Switzerland,CHE,Locarno-Monti,46.170978999999996,8.79112,2283.1
1951,Switzerland,CHE,Locarno-Monti,46.170978999999996,8.79112,2060.5
1952,Switzerland,CHE,Locarno-Monti,46.170978999999996,8.79112,2365.4
1953,Switzerland,CHE,Locarno-Monti,46.170978999999996,8.79112,2329.6
1954,Switzerland,CHE,Locarno-Monti,46.170978999999996,8.79112,2151.4
1955,Switzerland,CHE,Locarno-Monti,46.170978999999996,8.79112,2328.6
1956,Switzerland,CHE,Locarno-Monti,46.170978999999996,8.79112,2278.0
1957,Switzerland,CHE,Locarno-Monti,46.170978999999996,8.79112,2204.2
1958,Switzerland,CHE,Locarno-Monti,46.170978999999996,8.79112,2223.8
1959,Switzerland,CHE,Locarno-Monti,46.170978999999996,8.79112,2288.8
1960,Switzerland,CHE,Locarno-Monti,46.170978999999996,8.79112,2013.2
1961,Switzerland,CHE,Locarno-Monti,46.170978999999996,8.79112,2442.4
1962,Switzerland,CHE,Locarno-Monti,46.170978999999996,8.79112,2394.9
1963,Switzerland,CHE,Locarno-Monti,46.170978999999996,8.79112,2076.2
1964,Switzerland,CHE,Locarno-Monti,46.170978999999996,8.79112,2250.4
1965,Switzerland,CHE,Locarno-Monti,46.170978999999996,8.79112,2266.7
1966,Switzerland,CHE,Locarno-Monti,46.170978999999996,8.79112,2305.7
1967,Switzerland,CHE,Locarno-Monti,46.170978999999996,8.79112,2390.9
1968,Switzerland,CHE,Locarno-Monti,46.170978999999996,8.79112,2181.0
1969,Switzerland,CHE,Locarno-Monti,46.170978999999996,8.79112,2220.8
1970,Switzerland,CHE,Locarno-Monti,46.170978999999996,8.79112,2271.2
1971,Switzerland,CHE,Locarno-Monti,46.170978999999996,8.79112,2348.5
1972,Switzerland,CHE,Locarno-Monti,46.170978999999996,8.79112,1827.0
1973,Switzerland,CHE,Locarno-Monti,46.170978999999996,8.79112,2276.4
1974,Switzerland,CHE,Locarno-Monti,46.170978999999996,8.79112,2151.6
1975,Switzerland,CHE,Locarno-Monti,46.170978999999996,8.79112,2202.7
1976,Switzerland,CHE,Locarno-Monti,46.170978999999996,8.79112,2381.7
1977,Switzerland,CHE,Locarno-Monti,46.170978999999996,8.79112,2071.6
1978,Switzerland,CHE,Locarno-Monti,46.170978999999996,8.79112,2083.2
1979,Switzerland,CHE,Locarno-Monti,46.170978999999996,8.79112,1916.0
1980,Switzerland,CHE,Locarno-Monti,46.170978999999996,8.79112,1976.5
1981,Switzerland,CHE,Locarno-Monti,46.170978999999996,8.79112,2021.4166666666667
1982,Switzerland,CHE,Locarno-Monti,46.170978999999996,8.79112,2075.5666666666666
1983,Switzerland,CHE,Locarno-Monti,46.170978999999996,8.79112,2061.75
1984,Switzerland,CHE,Locarno-Monti,46.170978999999996,8.79112,2018.1166666666666
1985,Switzerland,CHE,Locarno-Monti,46.170978999999996,8.79112,2131.5
1986,Switzerland,CHE,Locarno-Monti,46.170978999999996,8.79112,1998.7333333333333
1987,Switzerland,CHE,Locarno-Monti,46.170978999999996,8.79112,1999.4
1988,Switzerland,CHE,Locarno-Monti,46.170978999999996,8.79112,2024.7666666666667
1989,Switzerland,CHE,Locarno-Monti,46.170978999999996,8.79112,2312.25
1990,Switzerland,CHE,Locarno-Monti,46.170978999999996,8.79112,2220.016666666667
1991,Switzerland,CHE,Locarno-Monti,46.170978999999996,8.79112,2265.6
1992,Switzerland,CHE,Locarno-Monti,46.170978999999996,8.79112,1928.6
1993,Switzerland,CHE,Locarno-Monti,46.170978999999996,8.79112,2035.6333333333334
1994,Switzerland,CHE,Locarno-Monti,46.170978999999996,8.79112,2113.0333333333333
1995,Switzerland,CHE,Locarno-Monti,46.170978999999996,8.79112,2275.5666666666666
1996,Switzerland,CHE,Locarno-Monti,46.170978999999996,8.79112,2004.6
1997,Switzerland,CHE,Locarno-Monti,46.170978999999996,8.79112,2354.7
1998,Switzerland,CHE,Locarno-Monti,46.170978999999996,8.79112,2332.15
1999,Switzerland,CHE,Locarno-Monti,46.170978999999996,8.79112,2120.25
2000,Switzerland,CHE,Locarno-Monti,46.170978999999996,8.79112,2096.9333333333334
2001,Switzerland,CHE,Locarno-Monti,46.170978999999996,8.79112,2267.266666666667
2002,Switzerland,CHE,Locarno-Monti,46.170978999999996,8.79112,2111.25
2003,Switzerland,CHE,Locarno-Monti,46.170978999999996,8.79112,2459.2166666666667
2004,Switzerland,CHE,Locarno-Monti,46.170978999999996,8.79112,2095.1
2005,Switzerland,CHE,Locarno-Monti,46.170978999999996,8.79112,2325.0333333333333
2006,Switzerland,CHE,Locarno-Monti,46.170978999999996,8.79112,2237.35
2007,Switzerland,CHE,Locarno-Monti,46.170978999999996,8.79112,2420.9666666666667
2008,Switzerland,CHE,Locarno-Monti,46.170978999999996,8.79112,2135.8
2009,Switzerland,CHE,Locarno-Monti,46.170978999999996,8.79112,2335.5666666666666
2010,Switzerland,CHE,Locarno-Monti,46.170978999999996,8.79112,2073.266666666667
2011,Switzerland,CHE,Locarno-Monti,46.170978999999996,8.79112,2430.6666666666665
2012,Switzerland,CHE,Locarno-Monti,46.170978999999996,8.79112,2251.0833333333335
2013,Switzerland,CHE,Locarno-Monti,46.170978999999996,8.79112,2137.25
2014,Switzerland,CHE,Locarno-Monti,46.170978999999996,8.79112,2004.75
2015,Switzerland,CHE,Locarno-Monti,46.170978999999996,8.79112,2381.733333333333
2016,Switzerland,CHE,Locarno-Monti,46.170978999999996,8.79112,2182.5333333333333
2017,Switzerland,CHE,Locarno-Monti,46.170978999999996,8.79112,2460.616666666667
2018,Switzerland,CHE,Locarno-Monti,46.170978999999996,8.79112,2226.733333333333
2019,Switzerland,CHE,Locarno-Monti,46.170978999999996,8.79112,2317.0833333333335
1931,Switzerland,CHE,Lugano,46.003601,8.953619999999999,2293.9
1932,Switzerland,CHE,Lugano,46.003601,8.953619999999999,2091.6
1933,Switzerland,CHE,Lugano,46.003601,8.953619999999999,2069.4
1934,Switzerland,CHE,Lugano,46.003601,8.953619999999999,2166.6
1935,Switzerland,CHE,Lugano,46.003601,8.953619999999999,2101.8
1936,Switzerland,CHE,Lugano,46.003601,8.953619999999999,1922.7
1937,Switzerland,CHE,Lugano,46.003601,8.953619999999999,2021.1
1938,Switzerland,CHE,Lugano,46.003601,8.953619999999999,2229.6
1939,Switzerland,CHE,Lugano,46.003601,8.953619999999999,1839.2
1940,Switzerland,CHE,Lugano,46.003601,8.953619999999999,2044.2
1941,Switzerland,CHE,Lugano,46.003601,8.953619999999999,2081.9
1942,Switzerland,CHE,Lugano,46.003601,8.953619999999999,2079.4
1943,Switzerland,CHE,Lugano,46.003601,8.953619999999999,2288.9
1944,Switzerland,CHE,Lugano,46.003601,8.953619999999999,2184.9
1945,Switzerland,CHE,Lugano,46.003601,8.953619999999999,2590.5
1946,Switzerland,CHE,Lugano,46.003601,8.953619999999999,2036.3
1947,Switzerland,CHE,Lugano,46.003601,8.953619999999999,2167.1833333333334
1948,Switzerland,CHE,Lugano,46.003601,8.953619999999999,2168.3
1949,Switzerland,CHE,Lugano,46.003601,8.953619999999999,2329.4
1950,Switzerland,CHE,Lugano,46.003601,8.953619999999999,2097.1
1951,Switzerland,CHE,Lugano,46.003601,8.953619999999999,1845.4
1952,Switzerland,CHE,Lugano,46.003601,8.953619999999999,2143.8
1953,Switzerland,CHE,Lugano,46.003601,8.953619999999999,2114.9
1954,Switzerland,CHE,Lugano,46.003601,8.953619999999999,1961.0
1955,Switzerland,CHE,Lugano,46.003601,8.953619999999999,2127.3
1956,Switzerland,CHE,Lugano,46.003601,8.953619999999999,2108.8
1957,Switzerland,CHE,Lugano,46.003601,8.953619999999999,1993.6
1958,Switzerland,CHE,Lugano,46.003601,8.953619999999999,2055.4
1959,Switzerland,CHE,Lugano,46.003601,8.953619999999999,2090.3
1960,Switzerland,CHE,Lugano,46.003601,8.953619999999999,1783.9
1961,Switzerland,CHE,Lugano,46.003601,8.953619999999999,2215.4
1962,Switzerland,CHE,Lugano,46.003601,8.953619999999999,2221.5
1963,Switzerland,CHE,Lugano,46.003601,8.953619999999999,1802.8
1964,Switzerland,CHE,Lugano,46.003601,8.953619999999999,2023.4
1965,Switzerland,CHE,Lugano,46.003601,8.953619999999999,1998.1
1966,Switzerland,CHE,Lugano,46.003601,8.953619999999999,2029.0
1967,Switzerland,CHE,Lugano,46.003601,8.953619999999999,2117.9
1968,Switzerland,CHE,Lugano,46.003601,8.953619999999999,1928.7
1969,Switzerland,CHE,Lugano,46.003601,8.953619999999999,1945.1
1970,Switzerland,CHE,Lugano,46.003601,8.953619999999999,2050.2
1971,Switzerland,CHE,Lugano,46.003601,8.953619999999999,2106.3
1972,Switzerland,CHE,Lugano,46.003601,8.953619999999999,1677.7
1973,Switzerland,CHE,Lugano,46.003601,8.953619999999999,2131.8
1974,Switzerland,CHE,Lugano,46.003601,8.953619999999999,2004.4
1975,Switzerland,CHE,Lugano,46.003601,8.953619999999999,2045.8
1976,Switzerland,CHE,Lugano,46.003601,8.953619999999999,2149.6
1977,Switzerland,CHE,Lugano,46.003601,8.953619999999999,1842.3
1978,Switzerland,CHE,Lugano,46.003601,8.953619999999999,2004.4
1979,Switzerland,CHE,Lugano,46.003601,8.953619999999999,1795.8
1980,Switzerland,CHE,Lugano,46.003601,8.953619999999999,1860.3
1981,Switzerland,CHE,Lugano,46.003601,8.953619999999999,1902.6333333333334
1982,Switzerland,CHE,Lugano,46.003601,8.953619999999999,1935.2833333333333
1983,Switzerland,CHE,Lugano,46.003601,8.953619999999999,1936.05
1984,Switzerland,CHE,Lugano,46.003601,8.953619999999999,1908.6
1985,Switzerland,CHE,Lugano,46.003601,8.953619999999999,2089.883333333333
1986,Switzerland,CHE,Lugano,46.003601,8.953619999999999,1895.6833333333334
1987,Switzerland,CHE,Lugano,46.003601,8.953619999999999,1923.0333333333333
1988,Switzerland,CHE,Lugano,46.003601,8.953619999999999,1927.1833333333334
1989,Switzerland,CHE,Lugano,46.003601,8.953619999999999,2197.5
1990,Switzerland,CHE,Lugano,46.003601,8.953619999999999,2130.8
1991,Switzerland,CHE,Lugano,46.003601,8.953619999999999,2076.6
1992,Switzerland,CHE,Lugano,46.003601,8.953619999999999,1829.7333333333333
1993,Switzerland,CHE,Lugano,46.003601,8.953619999999999,1916.25
1994,Switzerland,CHE,Lugano,46.003601,8.953619999999999,1946.7166666666667
1995,Switzerland,CHE,Lugano,46.003601,8.953619999999999,2111.233333333333
1996,Switzerland,CHE,Lugano,46.003601,8.953619999999999,1859.7666666666667
1997,Switzerland,CHE,Lugano,46.003601,8.953619999999999,2273.8166666666666
1998,Switzerland,CHE,Lugano,46.003601,8.953619999999999,2247.633333333333
1999,Switzerland,CHE,Lugano,46.003601,8.953619999999999,1984.4166666666667
2000,Switzerland,CHE,Lugano,46.003601,8.953619999999999,2111.9
2001,Switzerland,CHE,Lugano,46.003601,8.953619999999999,2345.35
2002,Switzerland,CHE,Lugano,46.003601,8.953619999999999,2025.7333333333333
2003,Switzerland,CHE,Lugano,46.003601,8.953619999999999,2406.9
2004,Switzerland,CHE,Lugano,46.003601,8.953619999999999,2034.5666666666666
2005,Switzerland,CHE,Lugano,46.003601,8.953619999999999,2239.55
2006,Switzerland,CHE,Lugano,46.003601,8.953619999999999,2229.6
2007,Switzerland,CHE,Lugano,46.003601,8.953619999999999,2317.0833333333335
2008,Switzerland,CHE,Lugano,46.003601,8.953619999999999,1988.6333333333334
2009,Switzerland,CHE,Lugano,46.003601,8.953619999999999,2249.866666666667
2010,Switzerland,CHE,Lugano,46.003601,8.953619999999999,1948.95
2011,Switzerland,CHE,Lugano,46.003601,8.953619999999999,2336.0666666666666
2012,Switzerland,CHE,Lugano,46.003601,8.953619999999999,2179.8333333333335
2013,Switzerland,CHE,Lugano,46.003601,8.953619999999999,1997.9
2014,Switzerland,CHE,Lugano,46.003601,8.953619999999999,1874.9166666666667
2015,Switzerland,CHE,Lugano,46.003601,8.953619999999999,2301.5
2016,Switzerland,CHE,Lugano,46.003601,8.953619999999999,2137.5666666666666
2017,Switzerland,CHE,Lugano,46.003601,8.953619999999999,2415.6833333333334
2018,Switzerland,CHE,Lugano,46.003601,8.953619999999999,2171.25
2019,Switzerland,CHE,Lugano,46.003601,8.953619999999999,2288.1
1931,Switzerland,CHE,Luzern,47.04554,8.308010000000001,1596.6
1932,Switzerland,CHE,Luzern,47.04554,8.308010000000001,1476.3
1933,Switzerland,CHE,Luzern,47.04554,8.308010000000001,1592.3
1934,Switzerland,CHE,Luzern,47.04554,8.308010000000001,1746.2
1935,Switzerland,CHE,Luzern,47.04554,8.308010000000001,1615.4
1936,Switzerland,CHE,Luzern,47.04554,8.308010000000001,1345.2
1937,Switzerland,CHE,Luzern,47.04554,8.308010000000001,1369.9
1938,Switzerland,CHE,Luzern,47.04554,8.308010000000001,1698.9
1939,Switzerland,CHE,Luzern,47.04554,8.308010000000001,1191.4
1940,Switzerland,CHE,Luzern,47.04554,8.308010000000001,1430.7
1941,Switzerland,CHE,Luzern,47.04554,8.308010000000001,1484.1
1942,Switzerland,CHE,Luzern,47.04554,8.308010000000001,1565.9
1943,Switzerland,CHE,Luzern,47.04554,8.308010000000001,1705.8
1944,Switzerland,CHE,Luzern,47.04554,8.308010000000001,1450.1
1945,Switzerland,CHE,Luzern,47.04554,8.308010000000001,1776.3
1946,Switzerland,CHE,Luzern,47.04554,8.308010000000001,1555.3
1947,Switzerland,CHE,Luzern,47.04554,8.308010000000001,1772.4
1948,Switzerland,CHE,Luzern,47.04554,8.308010000000001,1624.1
1949,Switzerland,CHE,Luzern,47.04554,8.308010000000001,1892.3
1950,Switzerland,CHE,Luzern,47.04554,8.308010000000001,1659.8
1951,Switzerland,CHE,Luzern,47.04554,8.308010000000001,1443.7
1952,Switzerland,CHE,Luzern,47.04554,8.308010000000001,1526.1
1953,Switzerland,CHE,Luzern,47.04554,8.308010000000001,1540.0
1954,Switzerland,CHE,Luzern,47.04554,8.308010000000001,1367.4
1955,Switzerland,CHE,Luzern,47.04554,8.308010000000001,1389.6
1956,Switzerland,CHE,Luzern,47.04554,8.308010000000001,1373.5
1957,Switzerland,CHE,Luzern,47.04554,8.308010000000001,1419.9
1958,Switzerland,CHE,Luzern,47.04554,8.308010000000001,1408.5
1959,Switzerland,CHE,Luzern,47.04554,8.308010000000001,1635.4
1960,Switzerland,CHE,Luzern,47.04554,8.308010000000001,1535.0
1961,Switzerland,CHE,Luzern,47.04554,8.308010000000001,1668.8
1962,Switzerland,CHE,Luzern,47.04554,8.308010000000001,1695.8
1963,Switzerland,CHE,Luzern,47.04554,8.308010000000001,1378.2
1964,Switzerland,CHE,Luzern,47.04554,8.308010000000001,1437.7
1965,Switzerland,CHE,Luzern,47.04554,8.308010000000001,1229.6
1966,Switzerland,CHE,Luzern,47.04554,8.308010000000001,1440.0
1967,Switzerland,CHE,Luzern,47.04554,8.308010000000001,1524.2
1968,Switzerland,CHE,Luzern,47.04554,8.308010000000001,1375.4
1969,Switzerland,CHE,Luzern,47.04554,8.308010000000001,1403.0
1970,Switzerland,CHE,Luzern,47.04554,8.308010000000001,1316.0
1971,Switzerland,CHE,Luzern,47.04554,8.308010000000001,1505.5
1972,Switzerland,CHE,Luzern,47.04554,8.308010000000001,1189.8
1973,Switzerland,CHE,Luzern,47.04554,8.308010000000001,1363.8
1974,Switzerland,CHE,Luzern,47.04554,8.308010000000001,1393.4
1975,Switzerland,CHE,Luzern,47.04554,8.308010000000001,1330.9
1976,Switzerland,CHE,Luzern,47.04554,8.308010000000001,1575.7
1977,Switzerland,CHE,Luzern,47.04554,8.308010000000001,1196.7
1978,Switzerland,CHE,Luzern,47.04554,8.308010000000001,1045.6
1979,Switzerland,CHE,Luzern,47.04554,8.308010000000001,1185.1
1980,Switzerland,CHE,Luzern,47.04554,8.308010000000001,1149.2
1981,Switzerland,CHE,Luzern,47.04554,8.308010000000001,1200.7833333333333
1982,Switzerland,CHE,Luzern,47.04554,8.308010000000001,1333.5
1983,Switzerland,CHE,Luzern,47.04554,8.308010000000001,1296.5666666666666
1984,Switzerland,CHE,Luzern,47.04554,8.308010000000001,1290.5666666666666
1985,Switzerland,CHE,Luzern,47.04554,8.308010000000001,1459.35
1986,Switzerland,CHE,Luzern,47.04554,8.308010000000001,1427.3833333333334
1987,Switzerland,CHE,Luzern,47.04554,8.308010000000001,1100.4833333333333
1988,Switzerland,CHE,Luzern,47.04554,8.308010000000001,1298.6666666666667
1989,Switzerland,CHE,Luzern,47.04554,8.308010000000001,1524.1333333333334
1990,Switzerland,CHE,Luzern,47.04554,8.308010000000001,1584.7166666666667
1991,Switzerland,CHE,Luzern,47.04554,8.308010000000001,1357.1833333333334
1992,Switzerland,CHE,Luzern,47.04554,8.308010000000001,1275.0333333333333
1993,Switzerland,CHE,Luzern,47.04554,8.308010000000001,1316.9833333333333
1994,Switzerland,CHE,Luzern,47.04554,8.308010000000001,1288.75
1995,Switzerland,CHE,Luzern,47.04554,8.308010000000001,1367.4
1996,Switzerland,CHE,Luzern,47.04554,8.308010000000001,1302.9
1997,Switzerland,CHE,Luzern,47.04554,8.308010000000001,1561.9166666666667
1998,Switzerland,CHE,Luzern,47.04554,8.308010000000001,1490.3166666666666
1999,Switzerland,CHE,Luzern,47.04554,8.308010000000001,1322.8333333333333
2000,Switzerland,CHE,Luzern,47.04554,8.308010000000001,1524.1166666666666
2001,Switzerland,CHE,Luzern,47.04554,8.308010000000001,1441.3166666666666
2002,Switzerland,CHE,Luzern,47.04554,8.308010000000001,1469.4333333333334
2003,Switzerland,CHE,Luzern,47.04554,8.308010000000001,1865.3833333333334
2004,Switzerland,CHE,Luzern,47.04554,8.308010000000001,1456.6
2005,Switzerland,CHE,Luzern,47.04554,8.308010000000001,1570.0833333333333
2006,Switzerland,CHE,Luzern,47.04554,8.308010000000001,1558.2166666666667
2007,Switzerland,CHE,Luzern,47.04554,8.308010000000001,1616.1
2008,Switzerland,CHE,Luzern,47.04554,8.308010000000001,1509.75
2009,Switzerland,CHE,Luzern,47.04554,8.308010000000001,1545.0833333333333
2010,Switzerland,CHE,Luzern,47.04554,8.308010000000001,1349.35
2011,Switzerland,CHE,Luzern,47.04554,8.308010000000001,1809.9666666666667
2012,Switzerland,CHE,Luzern,47.04554,8.308010000000001,1632.0
2013,Switzerland,CHE,Luzern,47.04554,8.308010000000001,1401.2333333333333
2014,Switzerland,CHE,Luzern,47.04554,8.308010000000001,1563.1
2015,Switzerland,CHE,Luzern,47.04554,8.308010000000001,1732.4833333333333
2016,Switzerland,CHE,Luzern,47.04554,8.308010000000001,1464.5666666666666
2017,Switzerland,CHE,Luzern,47.04554,8.308010000000001,1706.4
2018,Switzerland,CHE,Luzern,47.04554,8.308010000000001,1720.4333333333334
2019,Switzerland,CHE,Luzern,47.04554,8.308010000000001,1788.75
1931,Switzerland,CHE,Neuenburg,48.84655,8.588410000000001,1768.4
1932,Switzerland,CHE,Neuenburg,48.84655,8.588410000000001,1623.5
1933,Switzerland,CHE,Neuenburg,48.84655,8.588410000000001,1674.9
1934,Switzerland,CHE,Neuenburg,48.84655,8.588410000000001,1864.4
1935,Switzerland,CHE,Neuenburg,48.84655,8.588410000000001,1682.6
1936,Switzerland,CHE,Neuenburg,48.84655,8.588410000000001,1486.8
1937,Switzerland,CHE,Neuenburg,48.84655,8.588410000000001,1657.0
1938,Switzerland,CHE,Neuenburg,48.84655,8.588410000000001,1860.8
1939,Switzerland,CHE,Neuenburg,48.84655,8.588410000000001,1352.7
1940,Switzerland,CHE,Neuenburg,48.84655,8.588410000000001,1638.9
1941,Switzerland,CHE,Neuenburg,48.84655,8.588410000000001,1594.1
1942,Switzerland,CHE,Neuenburg,48.84655,8.588410000000001,1720.3
1943,Switzerland,CHE,Neuenburg,48.84655,8.588410000000001,1867.2
1944,Switzerland,CHE,Neuenburg,48.84655,8.588410000000001,1683.7
1945,Switzerland,CHE,Neuenburg,48.84655,8.588410000000001,1929.1
1946,Switzerland,CHE,Neuenburg,48.84655,8.588410000000001,1666.2
1947,Switzerland,CHE,Neuenburg,48.84655,8.588410000000001,1860.1
1948,Switzerland,CHE,Neuenburg,48.84655,8.588410000000001,1663.3
1949,Switzerland,CHE,Neuenburg,48.84655,8.588410000000001,2064.6
1950,Switzerland,CHE,Neuenburg,48.84655,8.588410000000001,1793.0
1951,Switzerland,CHE,Neuenburg,48.84655,8.588410000000001,1547.4
1952,Switzerland,CHE,Neuenburg,48.84655,8.588410000000001,1822.9
1953,Switzerland,CHE,Neuenburg,48.84655,8.588410000000001,1724.8
1954,Switzerland,CHE,Neuenburg,48.84655,8.588410000000001,1595.8
1955,Switzerland,CHE,Neuenburg,48.84655,8.588410000000001,1584.4
1956,Switzerland,CHE,Neuenburg,48.84655,8.588410000000001,1530.2
1957,Switzerland,CHE,Neuenburg,48.84655,8.588410000000001,1567.9
1958,Switzerland,CHE,Neuenburg,48.84655,8.588410000000001,1447.7
1959,Switzerland,CHE,Neuenburg,48.84655,8.588410000000001,1729.7
1960,Switzerland,CHE,Neuenburg,48.84655,8.588410000000001,1536.8
1961,Switzerland,CHE,Neuenburg,48.84655,8.588410000000001,1776.6
1962,Switzerland,CHE,Neuenburg,48.84655,8.588410000000001,1965.1
1963,Switzerland,CHE,Neuenburg,48.84655,8.588410000000001,1652.9
1964,Switzerland,CHE,Neuenburg,48.84655,8.588410000000001,1699.4
1965,Switzerland,CHE,Neuenburg,48.84655,8.588410000000001,1439.1
1966,Switzerland,CHE,Neuenburg,48.84655,8.588410000000001,1646.0
1967,Switzerland,CHE,Neuenburg,48.84655,8.588410000000001,1862.8
1968,Switzerland,CHE,Neuenburg,48.84655,8.588410000000001,1581.9
1969,Switzerland,CHE,Neuenburg,48.84655,8.588410000000001,1553.8
1970,Switzerland,CHE,Neuenburg,48.84655,8.588410000000001,1526.8
1971,Switzerland,CHE,Neuenburg,48.84655,8.588410000000001,1860.9
1972,Switzerland,CHE,Neuenburg,48.84655,8.588410000000001,1535.3
1973,Switzerland,CHE,Neuenburg,48.84655,8.588410000000001,1656.3
1974,Switzerland,CHE,Neuenburg,48.84655,8.588410000000001,1539.6
1975,Switzerland,CHE,Neuenburg,48.84655,8.588410000000001,1502.6
1976,Switzerland,CHE,Neuenburg,48.84655,8.588410000000001,1808.9
1977,Switzerland,CHE,Neuenburg,48.84655,8.588410000000001,1484.0
1978,Switzerland,CHE,Neuenburg,48.84655,8.588410000000001,1390.6
1979,Switzerland,CHE,Neuenburg,48.84655,8.588410000000001,1455.8
1980,Switzerland,CHE,Neuenburg,48.84655,8.588410000000001,1423.1
1981,Switzerland,CHE,Neuenburg,48.84655,8.588410000000001,1448.75
1982,Switzerland,CHE,Neuenburg,48.84655,8.588410000000001,1516.6
1983,Switzerland,CHE,Neuenburg,48.84655,8.588410000000001,1548.0
1984,Switzerland,CHE,Neuenburg,48.84655,8.588410000000001,1581.2833333333333
1985,Switzerland,CHE,Neuenburg,48.84655,8.588410000000001,1716.25
1986,Switzerland,CHE,Neuenburg,48.84655,8.588410000000001,1451.0833333333333
1987,Switzerland,CHE,Neuenburg,48.84655,8.588410000000001,1356.8666666666666
1988,Switzerland,CHE,Neuenburg,48.84655,8.588410000000001,1534.8166666666666
1989,Switzerland,CHE,Neuenburg,48.84655,8.588410000000001,1706.05
1990,Switzerland,CHE,Neuenburg,48.84655,8.588410000000001,1758.8
1991,Switzerland,CHE,Neuenburg,48.84655,8.588410000000001,1729.1333333333334
1992,Switzerland,CHE,Neuenburg,48.84655,8.588410000000001,1536.1833333333334
1993,Switzerland,CHE,Neuenburg,48.84655,8.588410000000001,1497.4833333333333
1994,Switzerland,CHE,Neuenburg,48.84655,8.588410000000001,1496.7
1995,Switzerland,CHE,Neuenburg,48.84655,8.588410000000001,1651.5833333333333
1996,Switzerland,CHE,Neuenburg,48.84655,8.588410000000001,1624.0833333333333
1997,Switzerland,CHE,Neuenburg,48.84655,8.588410000000001,1792.3166666666666
1998,Switzerland,CHE,Neuenburg,48.84655,8.588410000000001,1751.2833333333333
1999,Switzerland,CHE,Neuenburg,48.84655,8.588410000000001,1530.8
2000,Switzerland,CHE,Neuenburg,48.84655,8.588410000000001,1768.7166666666667
2001,Switzerland,CHE,Neuenburg,48.84655,8.588410000000001,1635.1666666666667
2002,Switzerland,CHE,Neuenburg,48.84655,8.588410000000001,1652.6166666666666
2003,Switzerland,CHE,Neuenburg,48.84655,8.588410000000001,2083.016666666667
2004,Switzerland,CHE,Neuenburg,48.84655,8.588410000000001,1737.8666666666666
2005,Switzerland,CHE,Neuenburg,48.84655,8.588410000000001,1845.45
2006,Switzerland,CHE,Neuenburg,48.84655,8.588410000000001,1714.1
2007,Switzerland,CHE,Neuenburg,48.84655,8.588410000000001,1843.1333333333334
2008,Switzerland,CHE,Neuenburg,48.84655,8.588410000000001,1600.7166666666667
2009,Switzerland,CHE,Neuenburg,48.84655,8.588410000000001,1821.8333333333333
2010,Switzerland,CHE,Neuenburg,48.84655,8.588410000000001,1678.4666666666667
2011,Switzerland,CHE,Neuenburg,48.84655,8.588410000000001,2076.9333333333334
2012,Switzerland,CHE,Neuenburg,48.84655,8.588410000000001,1888.4166666666667
2013,Switzerland,CHE,Neuenburg,48.84655,8.588410000000001,1631.5333333333333
2014,Switzerland,CHE,Neuenburg,48.84655,8.588410000000001,1798.65
2015,Switzerland,CHE,Neuenburg,48.84655,8.588410000000001,1982.3333333333333
2016,Switzerland,CHE,Neuenburg,48.84655,8.588410000000001,1740.3166666666666
2017,Switzerland,CHE,Neuenburg,48.84655,8.588410000000001,1997.6333333333334
2018,Switzerland,CHE,Neuenburg,48.84655,8.588410000000001,1941.0666666666666
2019,Switzerland,CHE,Neuenburg,48.84655,8.588410000000001,2022.1166666666666
1931,Switzerland,CHE,Säntis,47.256459,9.317421000000001,1581.1
1932,Switzerland,CHE,Säntis,47.256459,9.317421000000001,1758.2
1933,Switzerland,CHE,Säntis,47.256459,9.317421000000001,1596.4
1934,Switzerland,CHE,Säntis,47.256459,9.317421000000001,1864.0
1935,Switzerland,CHE,Säntis,47.256459,9.317421000000001,1574.5
1936,Switzerland,CHE,Säntis,47.256459,9.317421000000001,1475.4
1937,Switzerland,CHE,Säntis,47.256459,9.317421000000001,1376.3
1938,Switzerland,CHE,Säntis,47.256459,9.317421000000001,1767.4
1939,Switzerland,CHE,Säntis,47.256459,9.317421000000001,1397.5
1940,Switzerland,CHE,Säntis,47.256459,9.317421000000001,1377.2
1941,Switzerland,CHE,Säntis,47.256459,9.317421000000001,1505.6
1942,Switzerland,CHE,Säntis,47.256459,9.317421000000001,1727.5
1943,Switzerland,CHE,Säntis,47.256459,9.317421000000001,1728.6
1944,Switzerland,CHE,Säntis,47.256459,9.317421000000001,1333.3
1945,Switzerland,CHE,Säntis,47.256459,9.317421000000001,1615.9
1946,Switzerland,CHE,Säntis,47.256459,9.317421000000001,1643.2
1947,Switzerland,CHE,Säntis,47.256459,9.317421000000001,1712.6
1948,Switzerland,CHE,Säntis,47.256459,9.317421000000001,1875.3
1949,Switzerland,CHE,Säntis,47.256459,9.317421000000001,1930.7
1950,Switzerland,CHE,Säntis,47.256459,9.317421000000001,1765.2
1951,Switzerland,CHE,Säntis,47.256459,9.317421000000001,1978.2
1952,Switzerland,CHE,Säntis,47.256459,9.317421000000001,1677.9
1953,Switzerland,CHE,Säntis,47.256459,9.317421000000001,2261.9
1954,Switzerland,CHE,Säntis,47.256459,9.317421000000001,1677.4
1955,Switzerland,CHE,Säntis,47.256459,9.317421000000001,1773.8
1956,Switzerland,CHE,Säntis,47.256459,9.317421000000001,1964.6
1957,Switzerland,CHE,Säntis,47.256459,9.317421000000001,1960.9
1958,Switzerland,CHE,Säntis,47.256459,9.317421000000001,1850.0
1959,Switzerland,CHE,Säntis,47.256459,9.317421000000001,2089.3
1960,Switzerland,CHE,Säntis,47.256459,9.317421000000001,1609.7
1961,Switzerland,CHE,Säntis,47.256459,9.317421000000001,1982.5
1962,Switzerland,CHE,Säntis,47.256459,9.317421000000001,1937.7
1963,Switzerland,CHE,Säntis,47.256459,9.317421000000001,1936.1
1964,Switzerland,CHE,Säntis,47.256459,9.317421000000001,1986.0
1965,Switzerland,CHE,Säntis,47.256459,9.317421000000001,1580.5
1966,Switzerland,CHE,Säntis,47.256459,9.317421000000001,1695.0
1967,Switzerland,CHE,Säntis,47.256459,9.317421000000001,2010.3
1968,Switzerland,CHE,Säntis,47.256459,9.317421000000001,1933.5
1969,Switzerland,CHE,Säntis,47.256459,9.317421000000001,2028.6
1970,Switzerland,CHE,Säntis,47.256459,9.317421000000001,1576.4
1971,Switzerland,CHE,Säntis,47.256459,9.317421000000001,2093.7
1972,Switzerland,CHE,Säntis,47.256459,9.317421000000001,1747.6
1973,Switzerland,CHE,Säntis,47.256459,9.317421000000001,1714.9
1974,Switzerland,CHE,Säntis,47.256459,9.317421000000001,1528.7
1975,Switzerland,CHE,Säntis,47.256459,9.317421000000001,1967.1
1976,Switzerland,CHE,Säntis,47.256459,9.317421000000001,1817.6
1977,Switzerland,CHE,Säntis,47.256459,9.317421000000001,1475.0
1978,Switzerland,CHE,Säntis,47.256459,9.317421000000001,1548.1
1979,Switzerland,CHE,Säntis,47.256459,9.317421000000001,1478.7
1980,Switzerland,CHE,Säntis,47.256459,9.317421000000001,1548.8
1981,Switzerland,CHE,Säntis,47.256459,9.317421000000001,1487.6666666666667
1982,Switzerland,CHE,Säntis,47.256459,9.317421000000001,1749.8166666666666
1983,Switzerland,CHE,Säntis,47.256459,9.317421000000001,1799.5333333333333
1984,Switzerland,CHE,Säntis,47.256459,9.317421000000001,1767.65
1985,Switzerland,CHE,Säntis,47.256459,9.317421000000001,1875.8333333333333
1986,Switzerland,CHE,Säntis,47.256459,9.317421000000001,1854.1166666666666
1987,Switzerland,CHE,Säntis,47.256459,9.317421000000001,1632.1166666666666
1988,Switzerland,CHE,Säntis,47.256459,9.317421000000001,1652.2833333333333
1989,Switzerland,CHE,Säntis,47.256459,9.317421000000001,2001.7333333333333
1990,Switzerland,CHE,Säntis,47.256459,9.317421000000001,1782.1
1991,Switzerland,CHE,Säntis,47.256459,9.317421000000001,1729.6833333333334
1992,Switzerland,CHE,Säntis,47.256459,9.317421000000001,1777.0333333333333
1993,Switzerland,CHE,Säntis,47.256459,9.317421000000001,1712.3833333333334
1994,Switzerland,CHE,Säntis,47.256459,9.317421000000001,1526.1
1995,Switzerland,CHE,Säntis,47.256459,9.317421000000001,1530.3666666666666
1996,Switzerland,CHE,Säntis,47.256459,9.317421000000001,1642.5833333333333
1997,Switzerland,CHE,Säntis,47.256459,9.317421000000001,1758.3333333333333
1998,Switzerland,CHE,Säntis,47.256459,9.317421000000001,1685.9166666666667
1999,Switzerland,CHE,Säntis,47.256459,9.317421000000001,1607.15
2000,Switzerland,CHE,Säntis,47.256459,9.317421000000001,1632.8833333333334
2001,Switzerland,CHE,Säntis,47.256459,9.317421000000001,1618.2
2002,Switzerland,CHE,Säntis,47.256459,9.317421000000001,1590.4833333333333
2003,Switzerland,CHE,Säntis,47.256459,9.317421000000001,2180.483333333333
2004,Switzerland,CHE,Säntis,47.256459,9.317421000000001,1656.3166666666666
2005,Switzerland,CHE,Säntis,47.256459,9.317421000000001,1790.9833333333333
2006,Switzerland,CHE,Säntis,47.256459,9.317421000000001,1852.8
2007,Switzerland,CHE,Säntis,47.256459,9.317421000000001,2023.4166666666667
2008,Switzerland,CHE,Säntis,47.256459,9.317421000000001,1786.0833333333333
2009,Switzerland,CHE,Säntis,47.256459,9.317421000000001,1650.3333333333333
2010,Switzerland,CHE,Säntis,47.256459,9.317421000000001,1629.7166666666667
2011,Switzerland,CHE,Säntis,47.256459,9.317421000000001,2129.7833333333333
2012,Switzerland,CHE,Säntis,47.256459,9.317421000000001,1837.0833333333333
2013,Switzerland,CHE,Säntis,47.256459,9.317421000000001,1702.3
2014,Switzerland,CHE,Säntis,47.256459,9.317421000000001,1589.2666666666667
2015,Switzerland,CHE,Säntis,47.256459,9.317421000000001,1990.7833333333333
2016,Switzerland,CHE,Säntis,47.256459,9.317421000000001,1631.3666666666666
2017,Switzerland,CHE,Säntis,47.256459,9.317421000000001,1789.0333333333333
2018,Switzerland,CHE,Säntis,47.256459,9.317421000000001,1912.1
2019,Switzerland,CHE,Säntis,47.256459,9.317421000000001,1839.85
1931,Switzerland,CHE,Samedan,46.438365000000005,9.870266,
1932,Switzerland,CHE,Samedan,46.438365000000005,9.870266,
1933,Switzerland,CHE,Samedan,46.438365000000005,9.870266,
1934,Switzerland,CHE,Samedan,46.438365000000005,9.870266,
1935,Switzerland,CHE,Samedan,46.438365000000005,9.870266,
1936,Switzerland,CHE,Samedan,46.438365000000005,9.870266,
1937,Switzerland,CHE,Samedan,46.438365000000005,9.870266,
1938,Switzerland,CHE,Samedan,46.438365000000005,9.870266,
1939,Switzerland,CHE,Samedan,46.438365000000005,9.870266,
1940,Switzerland,CHE,Samedan,46.438365000000005,9.870266,
1941,Switzerland,CHE,Samedan,46.438365000000005,9.870266,
1942,Switzerland,CHE,Samedan,46.438365000000005,9.870266,
1943,Switzerland,CHE,Samedan,46.438365000000005,9.870266,
1944,Switzerland,CHE,Samedan,46.438365000000005,9.870266,
1945,Switzerland,CHE,Samedan,46.438365000000005,9.870266,
1946,Switzerland,CHE,Samedan,46.438365000000005,9.870266,
1947,Switzerland,CHE,Samedan,46.438365000000005,9.870266,
1948,Switzerland,CHE,Samedan,46.438365000000005,9.870266,
1949,Switzerland,CHE,Samedan,46.438365000000005,9.870266,
1950,Switzerland,CHE,Samedan,46.438365000000005,9.870266,
1951,Switzerland,CHE,Samedan,46.438365000000005,9.870266,
1952,Switzerland,CHE,Samedan,46.438365000000005,9.870266,
1953,Switzerland,CHE,Samedan,46.438365000000005,9.870266,
1954,Switzerland,CHE,Samedan,46.438365000000005,9.870266,
1955,Switzerland,CHE,Samedan,46.438365000000005,9.870266,
1956,Switzerland,CHE,Samedan,46.438365000000005,9.870266,
1957,Switzerland,CHE,Samedan,46.438365000000005,9.870266,
1958,Switzerland,CHE,Samedan,46.438365000000005,9.870266,
1959,Switzerland,CHE,Samedan,46.438365000000005,9.870266,
1960,Switzerland,CHE,Samedan,46.438365000000005,9.870266,
1961,Switzerland,CHE,Samedan,46.438365000000005,9.870266,
1962,Switzerland,CHE,Samedan,46.438365000000005,9.870266,
1963,Switzerland,CHE,Samedan,46.438365000000005,9.870266,
1964,Switzerland,CHE,Samedan,46.438365000000005,9.870266,
1965,Switzerland,CHE,Samedan,46.438365000000005,9.870266,
1966,Switzerland,CHE,Samedan,46.438365000000005,9.870266,
1967,Switzerland,CHE,Samedan,46.438365000000005,9.870266,
1968,Switzerland,CHE,Samedan,46.438365000000005,9.870266,
1969,Switzerland,CHE,Samedan,46.438365000000005,9.870266,
1970,Switzerland,CHE,Samedan,46.438365000000005,9.870266,
1971,Switzerland,CHE,Samedan,46.438365000000005,9.870266,
1972,Switzerland,CHE,Samedan,46.438365000000005,9.870266,
1973,Switzerland,CHE,Samedan,46.438365000000005,9.870266,
1974,Switzerland,CHE,Samedan,46.438365000000005,9.870266,
1975,Switzerland,CHE,Samedan,46.438365000000005,9.870266,
1976,Switzerland,CHE,Samedan,46.438365000000005,9.870266,
1977,Switzerland,CHE,Samedan,46.438365000000005,9.870266,
1978,Switzerland,CHE,Samedan,46.438365000000005,9.870266,
1979,Switzerland,CHE,Samedan,46.438365000000005,9.870266,
1980,Switzerland,CHE,Samedan,46.438365000000005,9.870266,1693.6
1981,Switzerland,CHE,Samedan,46.438365000000005,9.870266,1723.35
1982,Switzerland,CHE,Samedan,46.438365000000005,9.870266,1818.1666666666667
1983,Switzerland,CHE,Samedan,46.438365000000005,9.870266,1805.9666666666667
1984,Switzerland,CHE,Samedan,46.438365000000005,9.870266,1735.9
1985,Switzerland,CHE,Samedan,46.438365000000005,9.870266,1916.7166666666667
1986,Switzerland,CHE,Samedan,46.438365000000005,9.870266,1837.8666666666666
1987,Switzerland,CHE,Samedan,46.438365000000005,9.870266,1650.7833333333333
1988,Switzerland,CHE,Samedan,46.438365000000005,9.870266,1665.5166666666667
1989,Switzerland,CHE,Samedan,46.438365000000005,9.870266,1807.4666666666667
1990,Switzerland,CHE,Samedan,46.438365000000005,9.870266,1877.5833333333333
1991,Switzerland,CHE,Samedan,46.438365000000005,9.870266,1838.6
1992,Switzerland,CHE,Samedan,46.438365000000005,9.870266,1677.55
1993,Switzerland,CHE,Samedan,46.438365000000005,9.870266,1657.65
1994,Switzerland,CHE,Samedan,46.438365000000005,9.870266,1647.3833333333334
1995,Switzerland,CHE,Samedan,46.438365000000005,9.870266,1618.2166666666667
1996,Switzerland,CHE,Samedan,46.438365000000005,9.870266,1704.85
1997,Switzerland,CHE,Samedan,46.438365000000005,9.870266,1814.9666666666667
1998,Switzerland,CHE,Samedan,46.438365000000005,9.870266,1793.75
1999,Switzerland,CHE,Samedan,46.438365000000005,9.870266,1544.25
2000,Switzerland,CHE,Samedan,46.438365000000005,9.870266,1634.1
2001,Switzerland,CHE,Samedan,46.438365000000005,9.870266,1686.3833333333334
2002,Switzerland,CHE,Samedan,46.438365000000005,9.870266,1616.05
2003,Switzerland,CHE,Samedan,46.438365000000005,9.870266,2083.45
2004,Switzerland,CHE,Samedan,46.438365000000005,9.870266,1736.55
2005,Switzerland,CHE,Samedan,46.438365000000005,9.870266,1852.35
2006,Switzerland,CHE,Samedan,46.438365000000005,9.870266,1921.0166666666667
2007,Switzerland,CHE,Samedan,46.438365000000005,9.870266,1916.15
2008,Switzerland,CHE,Samedan,46.438365000000005,9.870266,1723.0
2009,Switzerland,CHE,Samedan,46.438365000000005,9.870266,1761.6333333333334
2010,Switzerland,CHE,Samedan,46.438365000000005,9.870266,1604.6666666666667
2011,Switzerland,CHE,Samedan,46.438365000000005,9.870266,1987.9333333333334
2012,Switzerland,CHE,Samedan,46.438365000000005,9.870266,1863.2333333333333
2013,Switzerland,CHE,Samedan,46.438365000000005,9.870266,1717.7166666666667
2014,Switzerland,CHE,Samedan,46.438365000000005,9.870266,1551.7833333333333
2015,Switzerland,CHE,Samedan,46.438365000000005,9.870266,1956.5333333333333
2016,Switzerland,CHE,Samedan,46.438365000000005,9.870266,1772.9166666666667
2017,Switzerland,CHE,Samedan,46.438365000000005,9.870266,1913.8833333333334
2018,Switzerland,CHE,Samedan,46.438365000000005,9.870266,1744.25
2019,Switzerland,CHE,Samedan,46.438365000000005,9.870266,1744.9666666666667
1931,Switzerland,CHE,Sitten,46.2276,7.3599429999999995,
1932,Switzerland,CHE,Sitten,46.2276,7.3599429999999995,
1933,Switzerland,CHE,Sitten,46.2276,7.3599429999999995,
1934,Switzerland,CHE,Sitten,46.2276,7.3599429999999995,
1935,Switzerland,CHE,Sitten,46.2276,7.3599429999999995,
1936,Switzerland,CHE,Sitten,46.2276,7.3599429999999995,
1937,Switzerland,CHE,Sitten,46.2276,7.3599429999999995,
1938,Switzerland,CHE,Sitten,46.2276,7.3599429999999995,
1939,Switzerland,CHE,Sitten,46.2276,7.3599429999999995,
1940,Switzerland,CHE,Sitten,46.2276,7.3599429999999995,
1941,Switzerland,CHE,Sitten,46.2276,7.3599429999999995,
1942,Switzerland,CHE,Sitten,46.2276,7.3599429999999995,
1943,Switzerland,CHE,Sitten,46.2276,7.3599429999999995,
1944,Switzerland,CHE,Sitten,46.2276,7.3599429999999995,
1945,Switzerland,CHE,Sitten,46.2276,7.3599429999999995,
1946,Switzerland,CHE,Sitten,46.2276,7.3599429999999995,
1947,Switzerland,CHE,Sitten,46.2276,7.3599429999999995,
1948,Switzerland,CHE,Sitten,46.2276,7.3599429999999995,
1949,Switzerland,CHE,Sitten,46.2276,7.3599429999999995,
1950,Switzerland,CHE,Sitten,46.2276,7.3599429999999995,
1951,Switzerland,CHE,Sitten,46.2276,7.3599429999999995,
1952,Switzerland,CHE,Sitten,46.2276,7.3599429999999995,
1953,Switzerland,CHE,Sitten,46.2276,7.3599429999999995,
1954,Switzerland,CHE,Sitten,46.2276,7.3599429999999995,
1955,Switzerland,CHE,Sitten,46.2276,7.3599429999999995,
1956,Switzerland,CHE,Sitten,46.2276,7.3599429999999995,
1957,Switzerland,CHE,Sitten,46.2276,7.3599429999999995,
1958,Switzerland,CHE,Sitten,46.2276,7.3599429999999995,
1959,Switzerland,CHE,Sitten,46.2276,7.3599429999999995,
1960,Switzerland,CHE,Sitten,46.2276,7.3599429999999995,
1961,Switzerland,CHE,Sitten,46.2276,7.3599429999999995,
1962,Switzerland,CHE,Sitten,46.2276,7.3599429999999995,
1963,Switzerland,CHE,Sitten,46.2276,7.3599429999999995,
1964,Switzerland,CHE,Sitten,46.2276,7.3599429999999995,
1965,Switzerland,CHE,Sitten,46.2276,7.3599429999999995,
1966,Switzerland,CHE,Sitten,46.2276,7.3599429999999995,
1967,Switzerland,CHE,Sitten,46.2276,7.3599429999999995,
1968,Switzerland,CHE,Sitten,46.2276,7.3599429999999995,
1969,Switzerland,CHE,Sitten,46.2276,7.3599429999999995,
1970,Switzerland,CHE,Sitten,46.2276,7.3599429999999995,
1971,Switzerland,CHE,Sitten,46.2276,7.3599429999999995,
1972,Switzerland,CHE,Sitten,46.2276,7.3599429999999995,
1973,Switzerland,CHE,Sitten,46.2276,7.3599429999999995,
1974,Switzerland,CHE,Sitten,46.2276,7.3599429999999995,
1975,Switzerland,CHE,Sitten,46.2276,7.3599429999999995,
1976,Switzerland,CHE,Sitten,46.2276,7.3599429999999995,
1977,Switzerland,CHE,Sitten,46.2276,7.3599429999999995,
1978,Switzerland,CHE,Sitten,46.2276,7.3599429999999995,1899.1
1979,Switzerland,CHE,Sitten,46.2276,7.3599429999999995,2004.0
1980,Switzerland,CHE,Sitten,46.2276,7.3599429999999995,1845.8
1981,Switzerland,CHE,Sitten,46.2276,7.3599429999999995,1823.2333333333333
1982,Switzerland,CHE,Sitten,46.2276,7.3599429999999995,2060.266666666667
1983,Switzerland,CHE,Sitten,46.2276,7.3599429999999995,1925.2166666666667
1984,Switzerland,CHE,Sitten,46.2276,7.3599429999999995,2018.7666666666667
1985,Switzerland,CHE,Sitten,46.2276,7.3599429999999995,2149.483333333333
1986,Switzerland,CHE,Sitten,46.2276,7.3599429999999995,2013.6333333333334
1987,Switzerland,CHE,Sitten,46.2276,7.3599429999999995,1844.6166666666666
1988,Switzerland,CHE,Sitten,46.2276,7.3599429999999995,1910.5666666666666
1989,Switzerland,CHE,Sitten,46.2276,7.3599429999999995,2203.1
1990,Switzerland,CHE,Sitten,46.2276,7.3599429999999995,2154.65
1991,Switzerland,CHE,Sitten,46.2276,7.3599429999999995,2226.35
1992,Switzerland,CHE,Sitten,46.2276,7.3599429999999995,1920.5666666666666
1993,Switzerland,CHE,Sitten,46.2276,7.3599429999999995,1990.4166666666667
1994,Switzerland,CHE,Sitten,46.2276,7.3599429999999995,1971.7833333333333
1995,Switzerland,CHE,Sitten,46.2276,7.3599429999999995,2060.8333333333335
1996,Switzerland,CHE,Sitten,46.2276,7.3599429999999995,2057.016666666667
1997,Switzerland,CHE,Sitten,46.2276,7.3599429999999995,2221.766666666667
1998,Switzerland,CHE,Sitten,46.2276,7.3599429999999995,2100.116666666667
1999,Switzerland,CHE,Sitten,46.2276,7.3599429999999995,1889.3
2000,Switzerland,CHE,Sitten,46.2276,7.3599429999999995,2018.5333333333333
2001,Switzerland,CHE,Sitten,46.2276,7.3599429999999995,2016.4333333333334
2002,Switzerland,CHE,Sitten,46.2276,7.3599429999999995,1973.1
2003,Switzerland,CHE,Sitten,46.2276,7.3599429999999995,2419.5
2004,Switzerland,CHE,Sitten,46.2276,7.3599429999999995,2147.4
2005,Switzerland,CHE,Sitten,46.2276,7.3599429999999995,2217.0833333333335
2006,Switzerland,CHE,Sitten,46.2276,7.3599429999999995,2167.15
2007,Switzerland,CHE,Sitten,46.2276,7.3599429999999995,2256.6
2008,Switzerland,CHE,Sitten,46.2276,7.3599429999999995,2163.983333333333
2009,Switzerland,CHE,Sitten,46.2276,7.3599429999999995,2200.95
2010,Switzerland,CHE,Sitten,46.2276,7.3599429999999995,2056.516666666667
2011,Switzerland,CHE,Sitten,46.2276,7.3599429999999995,2426.5333333333333
2012,Switzerland,CHE,Sitten,46.2276,7.3599429999999995,2211.9
2013,Switzerland,CHE,Sitten,46.2276,7.3599429999999995,2066.8166666666666
2014,Switzerland,CHE,Sitten,46.2276,7.3599429999999995,2021.55
2015,Switzerland,CHE,Sitten,46.2276,7.3599429999999995,2249.25
2016,Switzerland,CHE,Sitten,46.2276,7.3599429999999995,2085.983333333333
2017,Switzerland,CHE,Sitten,46.2276,7.3599429999999995,2230.65
2018,Switzerland,CHE,Sitten,46.2276,7.3599429999999995,2270.6666666666665
2019,Switzerland,CHE,Sitten,46.2276,7.3599429999999995,2190.95
1931,Switzerland,CHE,St. Gallen,47.424479999999996,9.376717,
1932,Switzerland,CHE,St. Gallen,47.424479999999996,9.376717,
1933,Switzerland,CHE,St. Gallen,47.424479999999996,9.376717,
1934,Switzerland,CHE,St. Gallen,47.424479999999996,9.376717,
1935,Switzerland,CHE,St. Gallen,47.424479999999996,9.376717,
1936,Switzerland,CHE,St. Gallen,47.424479999999996,9.376717,
1937,Switzerland,CHE,St. Gallen,47.424479999999996,9.376717,
1938,Switzerland,CHE,St. Gallen,47.424479999999996,9.376717,
1939,Switzerland,CHE,St. Gallen,47.424479999999996,9.376717,
1940,Switzerland,CHE,St. Gallen,47.424479999999996,9.376717,
1941,Switzerland,CHE,St. Gallen,47.424479999999996,9.376717,
1942,Switzerland,CHE,St. Gallen,47.424479999999996,9.376717,
1943,Switzerland,CHE,St. Gallen,47.424479999999996,9.376717,
1944,Switzerland,CHE,St. Gallen,47.424479999999996,9.376717,
1945,Switzerland,CHE,St. Gallen,47.424479999999996,9.376717,
1946,Switzerland,CHE,St. Gallen,47.424479999999996,9.376717,
1947,Switzerland,CHE,St. Gallen,47.424479999999996,9.376717,
1948,Switzerland,CHE,St. Gallen,47.424479999999996,9.376717,
1949,Switzerland,CHE,St. Gallen,47.424479999999996,9.376717,
1950,Switzerland,CHE,St. Gallen,47.424479999999996,9.376717,
1951,Switzerland,CHE,St. Gallen,47.424479999999996,9.376717,
1952,Switzerland,CHE,St. Gallen,47.424479999999996,9.376717,
1953,Switzerland,CHE,St. Gallen,47.424479999999996,9.376717,
1954,Switzerland,CHE,St. Gallen,47.424479999999996,9.376717,
1955,Switzerland,CHE,St. Gallen,47.424479999999996,9.376717,
1956,Switzerland,CHE,St. Gallen,47.424479999999996,9.376717,
1957,Switzerland,CHE,St. Gallen,47.424479999999996,9.376717,
1958,Switzerland,CHE,St. Gallen,47.424479999999996,9.376717,
1959,Switzerland,CHE,St. Gallen,47.424479999999996,9.376717,1732.1
1960,Switzerland,CHE,St. Gallen,47.424479999999996,9.376717,1398.9
1961,Switzerland,CHE,St. Gallen,47.424479999999996,9.376717,1585.3
1962,Switzerland,CHE,St. Gallen,47.424479999999996,9.376717,1537.8
1963,Switzerland,CHE,St. Gallen,47.424479999999996,9.376717,1271.6
1964,Switzerland,CHE,St. Gallen,47.424479999999996,9.376717,1318.3
1965,Switzerland,CHE,St. Gallen,47.424479999999996,9.376717,1097.9
1966,Switzerland,CHE,St. Gallen,47.424479999999996,9.376717,1348.9
1967,Switzerland,CHE,St. Gallen,47.424479999999996,9.376717,1612.4
1968,Switzerland,CHE,St. Gallen,47.424479999999996,9.376717,1428.2
1969,Switzerland,CHE,St. Gallen,47.424479999999996,9.376717,1441.6
1970,Switzerland,CHE,St. Gallen,47.424479999999996,9.376717,1331.2
1971,Switzerland,CHE,St. Gallen,47.424479999999996,9.376717,1686.0
1972,Switzerland,CHE,St. Gallen,47.424479999999996,9.376717,1357.9
1973,Switzerland,CHE,St. Gallen,47.424479999999996,9.376717,1375.9
1974,Switzerland,CHE,St. Gallen,47.424479999999996,9.376717,1384.1
1975,Switzerland,CHE,St. Gallen,47.424479999999996,9.376717,1404.8
1976,Switzerland,CHE,St. Gallen,47.424479999999996,9.376717,1600.0
1977,Switzerland,CHE,St. Gallen,47.424479999999996,9.376717,1232.8
1978,Switzerland,CHE,St. Gallen,47.424479999999996,9.376717,1303.1
1979,Switzerland,CHE,St. Gallen,47.424479999999996,9.376717,1326.7
1980,Switzerland,CHE,St. Gallen,47.424479999999996,9.376717,1214.6
1981,Switzerland,CHE,St. Gallen,47.424479999999996,9.376717,1309.3333333333333
1982,Switzerland,CHE,St. Gallen,47.424479999999996,9.376717,1469.1666666666667
1983,Switzerland,CHE,St. Gallen,47.424479999999996,9.376717,1454.8333333333333
1984,Switzerland,CHE,St. Gallen,47.424479999999996,9.376717,1363.8333333333333
1985,Switzerland,CHE,St. Gallen,47.424479999999996,9.376717,1519.6833333333334
1986,Switzerland,CHE,St. Gallen,47.424479999999996,9.376717,1518.7666666666667
1987,Switzerland,CHE,St. Gallen,47.424479999999996,9.376717,1235.35
1988,Switzerland,CHE,St. Gallen,47.424479999999996,9.376717,1417.3666666666666
1989,Switzerland,CHE,St. Gallen,47.424479999999996,9.376717,1726.9333333333334
1990,Switzerland,CHE,St. Gallen,47.424479999999996,9.376717,1723.05
1991,Switzerland,CHE,St. Gallen,47.424479999999996,9.376717,1562.1666666666667
1992,Switzerland,CHE,St. Gallen,47.424479999999996,9.376717,1522.2333333333333
1993,Switzerland,CHE,St. Gallen,47.424479999999996,9.376717,1456.35
1994,Switzerland,CHE,St. Gallen,47.424479999999996,9.376717,1369.3166666666666
1995,Switzerland,CHE,St. Gallen,47.424479999999996,9.376717,1369.5333333333333
1996,Switzerland,CHE,St. Gallen,47.424479999999996,9.376717,1338.1166666666666
1997,Switzerland,CHE,St. Gallen,47.424479999999996,9.376717,1537.05
1998,Switzerland,CHE,St. Gallen,47.424479999999996,9.376717,1433.2666666666667
1999,Switzerland,CHE,St. Gallen,47.424479999999996,9.376717,1315.1
2000,Switzerland,CHE,St. Gallen,47.424479999999996,9.376717,1525.6166666666666
2001,Switzerland,CHE,St. Gallen,47.424479999999996,9.376717,1455.6833333333334
2002,Switzerland,CHE,St. Gallen,47.424479999999996,9.376717,1420.6666666666667
2003,Switzerland,CHE,St. Gallen,47.424479999999996,9.376717,1889.65
2004,Switzerland,CHE,St. Gallen,47.424479999999996,9.376717,1510.7666666666667
2005,Switzerland,CHE,St. Gallen,47.424479999999996,9.376717,1658.0833333333333
2006,Switzerland,CHE,St. Gallen,47.424479999999996,9.376717,1704.1333333333334
2007,Switzerland,CHE,St. Gallen,47.424479999999996,9.376717,1583.4
2008,Switzerland,CHE,St. Gallen,47.424479999999996,9.376717,1596.4666666666667
2009,Switzerland,CHE,St. Gallen,47.424479999999996,9.376717,1635.5166666666667
2010,Switzerland,CHE,St. Gallen,47.424479999999996,9.376717,1443.3666666666666
2011,Switzerland,CHE,St. Gallen,47.424479999999996,9.376717,1890.45
2012,Switzerland,CHE,St. Gallen,47.424479999999996,9.376717,1690.2833333333333
2013,Switzerland,CHE,St. Gallen,47.424479999999996,9.376717,1462.1166666666666
2014,Switzerland,CHE,St. Gallen,47.424479999999996,9.376717,1609.35
2015,Switzerland,CHE,St. Gallen,47.424479999999996,9.376717,1813.8666666666666
2016,Switzerland,CHE,St. Gallen,47.424479999999996,9.376717,1557.0
2017,Switzerland,CHE,St. Gallen,47.424479999999996,9.376717,1750.7166666666667
2018,Switzerland,CHE,St. Gallen,47.424479999999996,9.376717,1830.0166666666667
2019,Switzerland,CHE,St. Gallen,47.424479999999996,9.376717,1753.15
